,AQI,CO,Date,Hour,Level,NO2,O3_1h,O3_8h,PM10,PM25,PrimaryPollution,SO2,WatchPoint,_id,AQIrank,PM25rank,PM10rank,COrank,NO2rank,O3_1hrank,O3_8hrank,SO2rank
288,43,0.4,20200411,21,优,16,76,61,40,30,NaN,1,板塘,5e91d0cd690d8b21f9294aee,0.39385474860335196,0.39385474860335196,0.39385474860335196,0.39385474860335196,0.39385474860335196,0.39385474860335196,0.39385474860335196,0.39385474860335196
341,18,0.5,20200411,21,优,18,47,61,-,12,NaN,1,睦岗子站,5e91d0fe690d8b21f9294b23,0.09497206703910614,0.09497206703910614,0.09497206703910614,0.09497206703910614,0.09497206703910614,0.09497206703910614,0.09497206703910614,0.09497206703910614
22,44,0.5,20200411,21,优,64,22,83,44,27,NaN,1,万寿西宫,5e91cfce690d8b21f92949dc,0.40502793296089384,0.40502793296089384,0.40502793296089384,0.40502793296089384,0.40502793296089384,0.40502793296089384,0.40502793296089384,0.40502793296089384
324,42,0.9,20200411,21,优,5,100,94,42,24,NaN,1,甘溪港,5e91d0ee690d8b21f9294b12,0.3854748603351955,0.3854748603351955,0.3854748603351955,0.3854748603351955,0.3854748603351955,0.3854748603351955,0.3854748603351955,0.3854748603351955
311,62,0.7,20200411,21,良,64,44,95,74,15,颗粒物(PM10),10,市中心,5e91d0e2690d8b21f9294b05,0.6340782122905028,0.6340782122905028,0.6340782122905028,0.6340782122905028,0.6340782122905028,0.6340782122905028,0.6340782122905028,0.6340782122905028
168,103,0.4,20200411,21,轻度污染,23,95,118,156,43,颗粒物(PM10),10,环保局,5e91d056690d8b21f9294a70,0.00558659217877095,0.00558659217877095,0.00558659217877095,0.00558659217877095,0.00558659217877095,0.00558659217877095,0.00558659217877095,0.00558659217877095
222,85,0.8,20200411,21,良,78,65,117,114,63,细颗粒物(PM2.5),10,监测站,5e91d08a690d8b21f9294aa9,0.8212290502793296,0.8212290502793296,0.8212290502793296,0.8212290502793296,0.8212290502793296,0.8212290502793296,0.8212290502793296,0.8212290502793296
353,46,0.3,20200411,21,优,15,72,58,-,32,NaN,10,天台山庄,5e91d10b690d8b21f9294b30,0.4245810055865922,0.4245810055865922,0.4245810055865922,0.4245810055865922,0.4245810055865922,0.4245810055865922,0.4245810055865922,0.4245810055865922
140,79,0.6,20200411,21,良,19,95,108,108,33,颗粒物(PM10),10,南山,5e91d03c690d8b21f9294a53,0.7905027932960894,0.7905027932960894,0.7905027932960894,0.7905027932960894,0.7905027932960894,0.7905027932960894,0.7905027932960894,0.7905027932960894
160,89,0.8,20200411,21,良,51,70,115,71,66,细颗粒物(PM2.5),10,市环境监测站,5e91d04f690d8b21f9294a68,0.840782122905028,0.840782122905028,0.840782122905028,0.840782122905028,0.840782122905028,0.840782122905028,0.840782122905028,0.840782122905028
236,29,0.5,20200411,21,优,13,68,79,-,20,NaN,10,市水土所,5e91d09a690d8b21f9294ab8,0.21508379888268156,0.21508379888268156,0.21508379888268156,0.21508379888268156,0.21508379888268156,0.21508379888268156,0.21508379888268156,0.21508379888268156
14,98,0.6,20200411,21,良,28,62,78,102,73,细颗粒物(PM2.5),10,工人疗养院,5e91cfc7690d8b21f92949d4,0.8631284916201117,0.8631284916201117,0.8631284916201117,0.8631284916201117,0.8631284916201117,0.8631284916201117,0.8631284916201117,0.8631284916201117
225,84,1.2,20200411,21,良,42,68,111,67,62,细颗粒物(PM2.5),10,市政府,5e91d08f690d8b21f9294aac,0.8156424581005587,0.8156424581005587,0.8156424581005587,0.8156424581005587,0.8156424581005587,0.8156424581005587,0.8156424581005587,0.8156424581005587
285,20,1.1,20200411,21,优,14,51,56,20,13,NaN,10,市环保,5e91d0ca690d8b21f9294aeb,0.11731843575418995,0.11731843575418995,0.11731843575418995,0.11731843575418995,0.11731843575418995,0.11731843575418995,0.11731843575418995,0.11731843575418995
354,50,0.5,20200411,21,优,48,54,111,50,27,NaN,10,人民公园,5e91d10c690d8b21f9294b31,0.44692737430167595,0.44692737430167595,0.44692737430167595,0.44692737430167595,0.44692737430167595,0.44692737430167595,0.44692737430167595,0.44692737430167595
275,46,0.5,20200411,21,优,9,119,118,46,18,NaN,10,聚英学校,5e91d0c1690d8b21f9294ae1,0.4245810055865922,0.4245810055865922,0.4245810055865922,0.4245810055865922,0.4245810055865922,0.4245810055865922,0.4245810055865922,0.4245810055865922
96,62,0.5,20200411,21,良,11,76,88,73,32,颗粒物(PM10),10,哈啤分公司,5e91d012690d8b21f9294a27,0.6340782122905028,0.6340782122905028,0.6340782122905028,0.6340782122905028,0.6340782122905028,0.6340782122905028,0.6340782122905028,0.6340782122905028
208,72,0.7,20200411,21,良,34,76,111,87,52,细颗粒物(PM2.5),10,环保局,5e91d07c690d8b21f9294a9a,0.7374301675977654,0.7374301675977654,0.7374301675977654,0.7374301675977654,0.7374301675977654,0.7374301675977654,0.7374301675977654,0.7374301675977654
41,53,1,20200411,21,良,90,5,68,56,17,颗粒物(PM10),10,松山一中,5e91cfe0690d8b21f92949f0,0.5083798882681564,0.5083798882681564,0.5083798882681564,0.5083798882681564,0.5083798882681564,0.5083798882681564,0.5083798882681564,0.5083798882681564
130,57,0.8,20200411,21,良,29,88,123,63,40,"颗粒物(PM10),细颗粒物(PM2.5)",10,科干所,5e91d032690d8b21f9294a49,0.5726256983240223,0.5726256983240223,0.5726256983240223,0.5726256983240223,0.5726256983240223,0.5726256983240223,0.5726256983240223,0.5726256983240223
128,30,0.5,20200411,21,优,14,88,102,30,10,NaN,10,哈达湾,5e91d030690d8b21f9294a47,0.22625698324022347,0.22625698324022347,0.22625698324022347,0.22625698324022347,0.22625698324022347,0.22625698324022347,0.22625698324022347,0.22625698324022347
347,51,0.5,20200411,21,良,18,92,121,52,19,颗粒物(PM10),10,沙坡头消防站,5e91d105690d8b21f9294b2a,0.4720670391061452,0.4720670391061452,0.4720670391061452,0.4720670391061452,0.4720670391061452,0.4720670391061452,0.4720670391061452,0.4720670391061452
15,39,0.3,20200411,21,优,16,90,104,39,17,NaN,10,游泳馆,5e91cfc8690d8b21f92949d5,0.3324022346368715,0.3324022346368715,0.3324022346368715,0.3324022346368715,0.3324022346368715,0.3324022346368715,0.3324022346368715,0.3324022346368715
36,63,0.7,20200411,21,良,26,70,96,76,24,颗粒物(PM10),10,西梁,5e91cfdc690d8b21f92949eb,0.6508379888268156,0.6508379888268156,0.6508379888268156,0.6508379888268156,0.6508379888268156,0.6508379888268156,0.6508379888268156,0.6508379888268156
190,50,0.2,20200411,21,优,25,77,85,50,24,NaN,10,迈皋桥,5e91d06c690d8b21f9294a87,0.44692737430167595,0.44692737430167595,0.44692737430167595,0.44692737430167595,0.44692737430167595,0.44692737430167595,0.44692737430167595,0.44692737430167595
263,78,0.7,20200411,21,良,34,62,90,64,57,细颗粒物(PM2.5),11,党校,5e91d0b5690d8b21f9294ad4,0.7737430167597765,0.7737430167597765,0.7737430167597765,0.7737430167597765,0.7737430167597765,0.7737430167597765,0.7737430167597765,0.7737430167597765
332,53,0.8,20200411,21,良,24,105,122,56,26,颗粒物(PM10),11,东风水库,5e91d0f5690d8b21f9294b1a,0.5083798882681564,0.5083798882681564,0.5083798882681564,0.5083798882681564,0.5083798882681564,0.5083798882681564,0.5083798882681564,0.5083798882681564
327,59,0.6,20200411,21,良,47,84,108,67,19,颗粒物(PM10),11,实验中学,5e91d0f1690d8b21f9294b15,0.5921787709497207,0.5921787709497207,0.5921787709497207,0.5921787709497207,0.5921787709497207,0.5921787709497207,0.5921787709497207,0.5921787709497207
203,94,1,20200411,21,良,39,91,132,109,70,细颗粒物(PM2.5),11,2号,5e91d078690d8b21f9294a95,0.8491620111731844,0.8491620111731844,0.8491620111731844,0.8491620111731844,0.8491620111731844,0.8491620111731844,0.8491620111731844,0.8491620111731844
178,74,0.9,20200411,21,良,96,11,94,76,54,细颗粒物(PM2.5),11,三五一五工厂,5e91d060690d8b21f9294a7b,0.7541899441340782,0.7541899441340782,0.7541899441340782,0.7541899441340782,0.7541899441340782,0.7541899441340782,0.7541899441340782,0.7541899441340782
114,67,0.7,20200411,21,良,31,31,50,-,48,细颗粒物(PM2.5),11,河南岸金山湖子站,5e91d023690d8b21f9294a39,0.6899441340782123,0.6899441340782123,0.6899441340782123,0.6899441340782123,0.6899441340782123,0.6899441340782123,0.6899441340782123,0.6899441340782123
255,62,0.6,20200411,21,良,23,117,127,74,35,颗粒物(PM10),11,监测站,5e91d0ac690d8b21f9294acb,0.6340782122905028,0.6340782122905028,0.6340782122905028,0.6340782122905028,0.6340782122905028,0.6340782122905028,0.6340782122905028,0.6340782122905028
239,105,0.5,20200411,21,轻度污染,20,76,85,159,24,颗粒物(PM10),11,艾青诗歌馆,5e91d09d690d8b21f9294abb,0.0111731843575419,0.0111731843575419,0.0111731843575419,0.0111731843575419,0.0111731843575419,0.0111731843575419,0.0111731843575419,0.0111731843575419
153,88,1,20200411,21,良,29,125,140,104,65,细颗粒物(PM2.5),11,环保局子站,5e91d048690d8b21f9294a61,0.8296089385474861,0.8296089385474861,0.8296089385474861,0.8296089385474861,0.8296089385474861,0.8296089385474861,0.8296089385474861,0.8296089385474861
60,53,0.8,20200411,21,良,25,97,111,56,16,颗粒物(PM10),12,综合楼,5e91cff2690d8b21f9294a03,0.5083798882681564,0.5083798882681564,0.5083798882681564,0.5083798882681564,0.5083798882681564,0.5083798882681564,0.5083798882681564,0.5083798882681564
135,45,0.6,20200411,21,优,52,54,99,45,28,NaN,12,市图书馆,5e91d037690d8b21f9294a4e,0.41899441340782123,0.41899441340782123,0.41899441340782123,0.41899441340782123,0.41899441340782123,0.41899441340782123,0.41899441340782123,0.41899441340782123
10,52,1.1,20200411,21,良,34,53,100,52,36,细颗粒物(PM2.5),12,洮北区环保局,5e91cfc4690d8b21f92949d0,0.4888268156424581,0.4888268156424581,0.4888268156424581,0.4888268156424581,0.4888268156424581,0.4888268156424581,0.4888268156424581,0.4888268156424581
264,97,0.7,20200411,21,良,25,117,123,97,72,细颗粒物(PM2.5),12,光明,5e91d0b6690d8b21f9294ad5,0.8603351955307262,0.8603351955307262,0.8603351955307262,0.8603351955307262,0.8603351955307262,0.8603351955307262,0.8603351955307262,0.8603351955307262
313,113,1.2,20200411,21,轻度污染,105,24,87,163,85,细颗粒物(PM2.5),12,开发区,5e91d0e4690d8b21f9294b07,0.0335195530726257,0.0335195530726257,0.0335195530726257,0.0335195530726257,0.0335195530726257,0.0335195530726257,0.0335195530726257,0.0335195530726257
338,136,0.3,20200411,21,轻度污染,18,104,109,222,37,颗粒物(PM10),12,监测站,5e91d0fb690d8b21f9294b20,0.0670391061452514,0.0670391061452514,0.0670391061452514,0.0670391061452514,0.0670391061452514,0.0670391061452514,0.0670391061452514,0.0670391061452514
199,53,1.1,20200411,21,良,4,98,106,55,21,颗粒物(PM10),12,州监测站,5e91d073690d8b21f9294a90,0.5083798882681564,0.5083798882681564,0.5083798882681564,0.5083798882681564,0.5083798882681564,0.5083798882681564,0.5083798882681564,0.5083798882681564
262,103,0.5,20200411,21,轻度污染,63,48,94,156,68,颗粒物(PM10),12,水上乐园,5e91d0b4690d8b21f9294ad3,0.00558659217877095,0.00558659217877095,0.00558659217877095,0.00558659217877095,0.00558659217877095,0.00558659217877095,0.00558659217877095,0.00558659217877095
115,136,1.6,20200411,21,轻度污染,42,70,115,222,56,颗粒物(PM10),129,龙港区,5e91d024690d8b21f9294a3a,0.0670391061452514,0.0670391061452514,0.0670391061452514,0.0670391061452514,0.0670391061452514,0.0670391061452514,0.0670391061452514,0.0670391061452514
137,68,0.9,20200411,21,良,33,95,128,80,49,细颗粒物(PM2.5),13,火炬城,5e91d039690d8b21f9294a50,0.7039106145251397,0.7039106145251397,0.7039106145251397,0.7039106145251397,0.7039106145251397,0.7039106145251397,0.7039106145251397,0.7039106145251397
97,63,0.9,20200411,21,良,36,50,90,75,30,颗粒物(PM10),13,党校,5e91d013690d8b21f9294a28,0.6508379888268156,0.6508379888268156,0.6508379888268156,0.6508379888268156,0.6508379888268156,0.6508379888268156,0.6508379888268156,0.6508379888268156
124,77,0.7,20200411,21,良,69,46,90,86,56,细颗粒物(PM2.5),13,高新区政府,5e91d02c690d8b21f9294a43,0.7653631284916201,0.7653631284916201,0.7653631284916201,0.7653631284916201,0.7653631284916201,0.7653631284916201,0.7653631284916201,0.7653631284916201
297,108,1.4,20200411,21,轻度污染,45,99,121,165,53,颗粒物(PM10),13,市环境监测站,5e91d0d6690d8b21f9294af7,0.025139664804469275,0.025139664804469275,0.025139664804469275,0.025139664804469275,0.025139664804469275,0.025139664804469275,0.025139664804469275,0.025139664804469275
281,125,0.5,20200411,21,轻度污染,30,65,71,200,23,颗粒物(PM10),13,监测站,5e91d0c7690d8b21f9294ae7,0.05027932960893855,0.05027932960893855,0.05027932960893855,0.05027932960893855,0.05027932960893855,0.05027932960893855,0.05027932960893855,0.05027932960893855
331,53,0.6,20200411,21,良,19,69,81,55,10,颗粒物(PM10),14,玉树县结古镇,5e91d0f4690d8b21f9294b19,0.5083798882681564,0.5083798882681564,0.5083798882681564,0.5083798882681564,0.5083798882681564,0.5083798882681564,0.5083798882681564,0.5083798882681564
242,56,0.3,20200411,21,良,22,103,134,62,20,颗粒物(PM10),14,沙湖旅游区,5e91d0a0690d8b21f9294abe,0.5642458100558659,0.5642458100558659,0.5642458100558659,0.5642458100558659,0.5642458100558659,0.5642458100558659,0.5642458100558659,0.5642458100558659
44,39,0.5,20200411,21,优,9,124,124,37,18,NaN,14,州环境监测站,5e91cfe3690d8b21f92949f3,0.3324022346368715,0.3324022346368715,0.3324022346368715,0.3324022346368715,0.3324022346368715,0.3324022346368715,0.3324022346368715,0.3324022346368715
245,59,0.5,20200411,21,良,16,93,108,68,23,颗粒物(PM10),14,平朔,5e91d0a4690d8b21f9294ac1,0.5921787709497207,0.5921787709497207,0.5921787709497207,0.5921787709497207,0.5921787709497207,0.5921787709497207,0.5921787709497207,0.5921787709497207
132,59,0.7,20200411,21,良,55,64,109,67,20,颗粒物(PM10),14,自来水公司,5e91d034690d8b21f9294a4b,0.5921787709497207,0.5921787709497207,0.5921787709497207,0.5921787709497207,0.5921787709497207,0.5921787709497207,0.5921787709497207,0.5921787709497207
29,147,0.9,20200411,21,轻度污染,46,53,102,120,112,细颗粒物(PM2.5),15,食品厂,5e91cfd4690d8b21f92949e3,0.07541899441340782,0.07541899441340782,0.07541899441340782,0.07541899441340782,0.07541899441340782,0.07541899441340782,0.07541899441340782,0.07541899441340782
201,52,1.3,20200411,21,良,45,88,129,53,16,颗粒物(PM10),15,弄弄坪,5e91d076690d8b21f9294a92,0.4888268156424581,0.4888268156424581,0.4888268156424581,0.4888268156424581,0.4888268156424581,0.4888268156424581,0.4888268156424581,0.4888268156424581
215,56,0.6,20200411,21,良,30,78,106,62,37,颗粒物(PM10),15,北戴河环保局,5e91d082690d8b21f9294aa1,0.5642458100558659,0.5642458100558659,0.5642458100558659,0.5642458100558659,0.5642458100558659,0.5642458100558659,0.5642458100558659,0.5642458100558659
52,81,0.3,20200411,21,良,78,23,79,111,27,颗粒物(PM10),15,达州职业技术学院,5e91cfea690d8b21f92949fb,0.7932960893854749,0.7932960893854749,0.7932960893854749,0.7932960893854749,0.7932960893854749,0.7932960893854749,0.7932960893854749,0.7932960893854749
59,70,0.6,20200411,21,良,71,52,111,90,46,颗粒物(PM10),16,市环保局,5e91cff1690d8b21f9294a02,0.7262569832402235,0.7262569832402235,0.7262569832402235,0.7262569832402235,0.7262569832402235,0.7262569832402235,0.7262569832402235,0.7262569832402235
246,99,0.7,20200411,21,良,25,75,102,130,74,细颗粒物(PM2.5),16,监测站,5e91d0a5690d8b21f9294ac2,0.8659217877094972,0.8659217877094972,0.8659217877094972,0.8659217877094972,0.8659217877094972,0.8659217877094972,0.8659217877094972,0.8659217877094972
12,109,1.4,20200411,21,轻度污染,35,94,121,134,82,细颗粒物(PM2.5),17,喜丰,5e91cfc5690d8b21f92949d2,0.030726256983240222,0.030726256983240222,0.030726256983240222,0.030726256983240222,0.030726256983240222,0.030726256983240222,0.030726256983240222,0.030726256983240222
163,130,1.2,20200411,21,轻度污染,43,80,131,123,99,细颗粒物(PM2.5),17,环保局,5e91d052690d8b21f9294a6b,0.061452513966480445,0.061452513966480445,0.061452513966480445,0.061452513966480445,0.061452513966480445,0.061452513966480445,0.061452513966480445,0.061452513966480445
294,60,0.2,20200411,21,良,7,79,95,69,22,颗粒物(PM10),17,市环保监测站,5e91d0d3690d8b21f9294af4,0.611731843575419,0.611731843575419,0.611731843575419,0.611731843575419,0.611731843575419,0.611731843575419,0.611731843575419,0.611731843575419
139,60,0.8,20200411,21,良,67,50,91,70,17,颗粒物(PM10),17,锦纶小区,5e91d03b690d8b21f9294a52,0.611731843575419,0.611731843575419,0.611731843575419,0.611731843575419,0.611731843575419,0.611731843575419,0.611731843575419,0.611731843575419
162,86,0.6,20200411,21,良,31,74,110,121,34,颗粒物(PM10),17,宏伟区,5e91d051690d8b21f9294a6a,0.8240223463687151,0.8240223463687151,0.8240223463687151,0.8240223463687151,0.8240223463687151,0.8240223463687151,0.8240223463687151,0.8240223463687151
226,25,0.8,20200411,21,优,10,77,72,20,2,NaN,17,三钢,5e91d090690d8b21f9294aad,0.15083798882681565,0.15083798882681565,0.15083798882681565,0.15083798882681565,0.15083798882681565,0.15083798882681565,0.15083798882681565,0.15083798882681565
105,134,0.6,20200411,21,轻度污染,20,75,96,-,102,细颗粒物(PM2.5),18,钵池山,5e91d01b690d8b21f9294a30,0.06424581005586592,0.06424581005586592,0.06424581005586592,0.06424581005586592,0.06424581005586592,0.06424581005586592,0.06424581005586592,0.06424581005586592
90,62,0.8,20200411,21,良,32,95,117,74,38,颗粒物(PM10),18,环保局,5e91d00d690d8b21f9294a21,0.6340782122905028,0.6340782122905028,0.6340782122905028,0.6340782122905028,0.6340782122905028,0.6340782122905028,0.6340782122905028,0.6340782122905028
269,92,1.3,20200411,21,良,51,83,119,117,68,细颗粒物(PM2.5),19,仲裁委,5e91d0bb690d8b21f9294adb,0.8463687150837989,0.8463687150837989,0.8463687150837989,0.8463687150837989,0.8463687150837989,0.8463687150837989,0.8463687150837989,0.8463687150837989
181,63,0.7,20200411,21,良,77,10,91,75,22,颗粒物(PM10),19,环保局,5e91d062690d8b21f9294a7e,0.6508379888268156,0.6508379888268156,0.6508379888268156,0.6508379888268156,0.6508379888268156,0.6508379888268156,0.6508379888268156,0.6508379888268156
148,500,0.3,20200411,21,严重污染,15,99,101,733,231,颗粒物(PM10),2,市人民政府,5e91d043690d8b21f9294a5b,0.46089385474860334,0.46089385474860334,0.46089385474860334,0.46089385474860334,0.46089385474860334,0.46089385474860334,0.46089385474860334,0.46089385474860334
89,96,0.4,20200411,21,良,18,77,97,141,28,颗粒物(PM10),2,地区监测站,5e91d00c690d8b21f9294a20,0.8575418994413407,0.8575418994413407,0.8575418994413407,0.8575418994413407,0.8575418994413407,0.8575418994413407,0.8575418994413407,0.8575418994413407
72,21,1,20200411,21,优,8,65,100,14,10,NaN,2,通天岩,5e91cffd690d8b21f9294a0f,0.12569832402234637,0.12569832402234637,0.12569832402234637,0.12569832402234637,0.12569832402234637,0.12569832402234637,0.12569832402234637,0.12569832402234637
355,66,0.6,20200411,21,良,56,75,113,82,37,颗粒物(PM10),2,大塘山,5e91d10c690d8b21f9294b32,0.6871508379888268,0.6871508379888268,0.6871508379888268,0.6871508379888268,0.6871508379888268,0.6871508379888268,0.6871508379888268,0.6871508379888268
349,35,0.5,20200411,21,优,7,109,103,12,7,NaN,2,定海檀枫,5e91d107690d8b21f9294b2c,0.2849162011173184,0.2849162011173184,0.2849162011173184,0.2849162011173184,0.2849162011173184,0.2849162011173184,0.2849162011173184,0.2849162011173184
189,59,0.5,20200411,21,良,13,132,132,67,24,颗粒物(PM10),2,西山风景区,5e91d06b690d8b21f9294a86,0.5921787709497207,0.5921787709497207,0.5921787709497207,0.5921787709497207,0.5921787709497207,0.5921787709497207,0.5921787709497207,0.5921787709497207
192,25,0.5,20200411,21,优,4,78,103,5,1,NaN,2,茫荡山,5e91d06d690d8b21f9294a89,0.15083798882681565,0.15083798882681565,0.15083798882681565,0.15083798882681565,0.15083798882681565,0.15083798882681565,0.15083798882681565,0.15083798882681565
177,26,0.5,20200411,21,优,5,67,88,26,13,NaN,2,电视发射台,5e91d05f690d8b21f9294a7a,0.15921787709497207,0.15921787709497207,0.15921787709497207,0.15921787709497207,0.15921787709497207,0.15921787709497207,0.15921787709497207,0.15921787709497207
299,68,0.6,20200411,21,良,44,58,97,72,49,细颗粒物(PM2.5),2,平桥分局,5e91d0d7690d8b21f9294af9,0.7039106145251397,0.7039106145251397,0.7039106145251397,0.7039106145251397,0.7039106145251397,0.7039106145251397,0.7039106145251397,0.7039106145251397
335,36,0.6,20200411,21,优,22,19,36,36,22,NaN,2,永定新区,5e91d0f8690d8b21f9294b1d,0.3016759776536313,0.3016759776536313,0.3016759776536313,0.3016759776536313,0.3016759776536313,0.3016759776536313,0.3016759776536313,0.3016759776536313
252,28,0.4,20200411,21,优,22,70,79,-,19,NaN,2,上方山,5e91d0aa690d8b21f9294ac8,0.19832402234636873,0.19832402234636873,0.19832402234636873,0.19832402234636873,0.19832402234636873,0.19832402234636873,0.19832402234636873,0.19832402234636873
227,34,0.5,20200411,21,优,6,65,71,34,20,NaN,2,河东子站,5e91d091690d8b21f9294aae,0.2737430167597765,0.2737430167597765,0.2737430167597765,0.2737430167597765,0.2737430167597765,0.2737430167597765,0.2737430167597765,0.2737430167597765
171,68,0.7,20200411,21,良,19,67,81,-,49,细颗粒物(PM2.5),2,监测大楼,5e91d059690d8b21f9294a74,0.7039106145251397,0.7039106145251397,0.7039106145251397,0.7039106145251397,0.7039106145251397,0.7039106145251397,0.7039106145251397,0.7039106145251397
329,83,1,20200411,21,良,28,80,108,65,61,细颗粒物(PM2.5),2,运城中学,5e91d0f3690d8b21f9294b17,0.8044692737430168,0.8044692737430168,0.8044692737430168,0.8044692737430168,0.8044692737430168,0.8044692737430168,0.8044692737430168,0.8044692737430168
116,51,0.5,20200411,21,良,27,80,93,51,31,颗粒物(PM10),2,区环保局,5e91d025690d8b21f9294a3b,0.4720670391061452,0.4720670391061452,0.4720670391061452,0.4720670391061452,0.4720670391061452,0.4720670391061452,0.4720670391061452,0.4720670391061452
126,156,0.3,20200411,21,中度污染,12,96,107,261,55,颗粒物(PM10),2,气象局,5e91d02e690d8b21f9294a45,0.08379888268156424,0.08379888268156424,0.08379888268156424,0.08379888268156424,0.08379888268156424,0.08379888268156424,0.08379888268156424,0.08379888268156424
79,24,0.6,20200411,21,优,4,74,81,10,8,NaN,2,马鞍山,5e91d004690d8b21f9294a16,0.1424581005586592,0.1424581005586592,0.1424581005586592,0.1424581005586592,0.1424581005586592,0.1424581005586592,0.1424581005586592,0.1424581005586592
254,52,0.4,20200411,21,良,14,-,90,54,18,颗粒物(PM10),2,东门外小游园,5e91d0ac690d8b21f9294aca,0.4888268156424581,0.4888268156424581,0.4888268156424581,0.4888268156424581,0.4888268156424581,0.4888268156424581,0.4888268156424581,0.4888268156424581
136,32,0.7,20200411,21,优,26,60,58,-,22,NaN,2,十五中,5e91d038690d8b21f9294a4f,0.2569832402234637,0.2569832402234637,0.2569832402234637,0.2569832402234637,0.2569832402234637,0.2569832402234637,0.2569832402234637,0.2569832402234637
308,35,0.4,20200411,21,优,16,86,94,28,24,NaN,20,妇幼医院,5e91d0df690d8b21f9294b02,0.2849162011173184,0.2849162011173184,0.2849162011173184,0.2849162011173184,0.2849162011173184,0.2849162011173184,0.2849162011173184,0.2849162011173184
80,26,0.4,20200411,21,优,14,71,82,26,12,NaN,22,玛沁县大武镇,5e91d005690d8b21f9294a17,0.15921787709497207,0.15921787709497207,0.15921787709497207,0.15921787709497207,0.15921787709497207,0.15921787709497207,0.15921787709497207,0.15921787709497207
230,64,0.4,20200411,21,良,33,80,118,78,35,颗粒物(PM10),24,环境监测站,5e91d094690d8b21f9294ab1,0.6675977653631285,0.6675977653631285,0.6675977653631285,0.6675977653631285,0.6675977653631285,0.6675977653631285,0.6675977653631285,0.6675977653631285
280,36,0.3,20200411,21,优,6,94,104,36,18,NaN,25,集宁新区,5e91d0c6690d8b21f9294ae6,0.3016759776536313,0.3016759776536313,0.3016759776536313,0.3016759776536313,0.3016759776536313,0.3016759776536313,0.3016759776536313,0.3016759776536313
182,49,1.1,20200411,21,优,54,53,72,49,30,NaN,26,湖东路四小,5e91d063690d8b21f9294a7f,0.441340782122905,0.441340782122905,0.441340782122905,0.441340782122905,0.441340782122905,0.441340782122905,0.441340782122905,0.441340782122905
102,72,0.7,20200411,21,良,29,82,110,93,40,颗粒物(PM10),27,市气象局,5e91d018690d8b21f9294a2d,0.7374301675977654,0.7374301675977654,0.7374301675977654,0.7374301675977654,0.7374301675977654,0.7374301675977654,0.7374301675977654,0.7374301675977654
310,55,0.6,20200411,21,良,6,71,80,-,39,细颗粒物(PM2.5),3,鸳鸯湖,5e91d0e1690d8b21f9294b04,0.5391061452513967,0.5391061452513967,0.5391061452513967,0.5391061452513967,0.5391061452513967,0.5391061452513967,0.5391061452513967,0.5391061452513967
206,94,0.9,20200411,21,良,22,126,136,97,70,细颗粒物(PM2.5),3,市环保局,5e91d07b690d8b21f9294a98,0.8491620111731844,0.8491620111731844,0.8491620111731844,0.8491620111731844,0.8491620111731844,0.8491620111731844,0.8491620111731844,0.8491620111731844
257,21,0.4,20200411,21,优,26,67,58,13,4,NaN,3,黄岩环保大楼,5e91d0b0690d8b21f9294ace,0.12569832402234637,0.12569832402234637,0.12569832402234637,0.12569832402234637,0.12569832402234637,0.12569832402234637,0.12569832402234637,0.12569832402234637
325,39,0.6,20200411,21,优,21,52,51,33,27,NaN,3,零陵南津渡,5e91d0ef690d8b21f9294b13,0.3324022346368715,0.3324022346368715,0.3324022346368715,0.3324022346368715,0.3324022346368715,0.3324022346368715,0.3324022346368715,0.3324022346368715
188,30,0.5,20200411,21,优,6,83,63,28,21,NaN,3,省林业公司,5e91d06a690d8b21f9294a85,0.22625698324022347,0.22625698324022347,0.22625698324022347,0.22625698324022347,0.22625698324022347,0.22625698324022347,0.22625698324022347,0.22625698324022347
235,28,0.7,20200411,21,优,25,74,67,19,19,NaN,3,袍江站,5e91d099690d8b21f9294ab7,0.19832402234636873,0.19832402234636873,0.19832402234636873,0.19832402234636873,0.19832402234636873,0.19832402234636873,0.19832402234636873,0.19832402234636873
147,56,0.3,20200411,21,良,14,67,75,61,15,颗粒物(PM10),3,长征新村,5e91d042690d8b21f9294a5a,0.5642458100558659,0.5642458100558659,0.5642458100558659,0.5642458100558659,0.5642458100558659,0.5642458100558659,0.5642458100558659,0.5642458100558659
91,28,0.6,20200411,21,优,27,70,66,28,13,NaN,3,滨江,5e91d00e690d8b21f9294a22,0.19832402234636873,0.19832402234636873,0.19832402234636873,0.19832402234636873,0.19832402234636873,0.19832402234636873,0.19832402234636873,0.19832402234636873
56,41,0.3,20200411,21,优,13,102,114,41,16,NaN,3,监测站（原粮食局）,5e91cfee690d8b21f92949ff,0.3687150837988827,0.3687150837988827,0.3687150837988827,0.3687150837988827,0.3687150837988827,0.3687150837988827,0.3687150837988827,0.3687150837988827
111,32,0.3,20200411,21,优,14,101,90,16,9,NaN,3,黄山区政府5号楼,5e91d021690d8b21f9294a36,0.2569832402234637,0.2569832402234637,0.2569832402234637,0.2569832402234637,0.2569832402234637,0.2569832402234637,0.2569832402234637,0.2569832402234637
282,44,0.5,20200411,21,优,11,88,105,44,22,NaN,3,监测站,5e91d0c8690d8b21f9294ae8,0.40502793296089384,0.40502793296089384,0.40502793296089384,0.40502793296089384,0.40502793296089384,0.40502793296089384,0.40502793296089384,0.40502793296089384
172,30,0.2,20200411,21,优,10,96,98,-,12,NaN,3,窑上,5e91d05a690d8b21f9294a75,0.22625698324022347,0.22625698324022347,0.22625698324022347,0.22625698324022347,0.22625698324022347,0.22625698324022347,0.22625698324022347,0.22625698324022347
93,63,0.6,20200411,21,良,20,97,117,76,38,颗粒物(PM10),3,市监测站,5e91d010690d8b21f9294a24,0.6508379888268156,0.6508379888268156,0.6508379888268156,0.6508379888268156,0.6508379888268156,0.6508379888268156,0.6508379888268156,0.6508379888268156
293,49,0.6,20200411,21,优,15,78,88,45,34,NaN,3,文化路,5e91d0d2690d8b21f9294af3,0.441340782122905,0.441340782122905,0.441340782122905,0.441340782122905,0.441340782122905,0.441340782122905,0.441340782122905,0.441340782122905
204,30,0.2,20200411,21,优,33,84,117,30,4,NaN,3,监测站,5e91d079690d8b21f9294a96,0.22625698324022347,0.22625698324022347,0.22625698324022347,0.22625698324022347,0.22625698324022347,0.22625698324022347,0.22625698324022347,0.22625698324022347
106,77,0.7,20200411,21,良,34,82,113,78,56,细颗粒物(PM2.5),3,监测站,5e91d01c690d8b21f9294a31,0.7653631284916201,0.7653631284916201,0.7653631284916201,0.7653631284916201,0.7653631284916201,0.7653631284916201,0.7653631284916201,0.7653631284916201
250,61,1.3,20200411,21,良,28,80,100,71,42,颗粒物(PM10),3,市委党校,5e91d0a8690d8b21f9294ac6,0.6256983240223464,0.6256983240223464,0.6256983240223464,0.6256983240223464,0.6256983240223464,0.6256983240223464,0.6256983240223464,0.6256983240223464
7,123,1.7,20200411,21,轻度污染,35,76,112,195,78,颗粒物(PM10),33,深沟寺,5e91cfc1690d8b21f92949cd,0.04748603351955307,0.04748603351955307,0.04748603351955307,0.04748603351955307,0.04748603351955307,0.04748603351955307,0.04748603351955307,0.04748603351955307
48,95,0.9,20200411,21,良,28,105,137,87,71,细颗粒物(PM2.5),38,江湾东路,5e91cfe6690d8b21f92949f7,0.8547486033519553,0.8547486033519553,0.8547486033519553,0.8547486033519553,0.8547486033519553,0.8547486033519553,0.8547486033519553,0.8547486033519553
170,26,0.6,20200411,21,优,14,82,55,-,4,NaN,4,监测站大楼,5e91d058690d8b21f9294a73,0.15921787709497207,0.15921787709497207,0.15921787709497207,0.15921787709497207,0.15921787709497207,0.15921787709497207,0.15921787709497207,0.15921787709497207
185,43,0.9,20200411,21,优,34,12,35,-,30,NaN,4,嘉应大学,5e91d067690d8b21f9294a82,0.39385474860335196,0.39385474860335196,0.39385474860335196,0.39385474860335196,0.39385474860335196,0.39385474860335196,0.39385474860335196,0.39385474860335196
146,500,0.4,20200411,21,严重污染,11,72,77,1700,465,颗粒物(PM10),4,巡警大队,5e91d041690d8b21f9294a59,0.46089385474860334,0.46089385474860334,0.46089385474860334,0.46089385474860334,0.46089385474860334,0.46089385474860334,0.46089385474860334,0.46089385474860334
18,28,0.5,20200411,21,优,21,69,91,28,9,NaN,4,市环境监测站,5e91cfcb690d8b21f92949d8,0.19832402234636873,0.19832402234636873,0.19832402234636873,0.19832402234636873,0.19832402234636873,0.19832402234636873,0.19832402234636873,0.19832402234636873
70,38,0.4,20200411,21,优,12,56,61,26,26,NaN,4,桐源党溪,5e91cffb690d8b21f9294a0d,0.31843575418994413,0.31843575418994413,0.31843575418994413,0.31843575418994413,0.31843575418994413,0.31843575418994413,0.31843575418994413,0.31843575418994413
120,64,0.8,20200411,21,良,39,39,58,77,22,颗粒物(PM10),4,北街,5e91d029690d8b21f9294a3f,0.6675977653631285,0.6675977653631285,0.6675977653631285,0.6675977653631285,0.6675977653631285,0.6675977653631285,0.6675977653631285,0.6675977653631285
99,26,0.5,20200411,21,优,19,64,57,25,18,NaN,4,原169医院,5e91d015690d8b21f9294a2a,0.15921787709497207,0.15921787709497207,0.15921787709497207,0.15921787709497207,0.15921787709497207,0.15921787709497207,0.15921787709497207,0.15921787709497207
221,20,0.6,20200411,21,优,18,62,59,6,5,NaN,4,环保大楼,5e91d088690d8b21f9294aa7,0.11731843575418995,0.11731843575418995,0.11731843575418995,0.11731843575418995,0.11731843575418995,0.11731843575418995,0.11731843575418995,0.11731843575418995
100,209,0.7,20200411,21,重度污染,19,74,92,290,159,细颗粒物(PM2.5),4,地区站,5e91d016690d8b21f9294a2b,0.12290502793296089,0.12290502793296089,0.12290502793296089,0.12290502793296089,0.12290502793296089,0.12290502793296089,0.12290502793296089,0.12290502793296089
289,12,0.5,20200411,21,优,5,11,42,12,8,NaN,4,跃进水库,5e91d0ce690d8b21f9294aef,0.03910614525139665,0.03910614525139665,0.03910614525139665,0.03910614525139665,0.03910614525139665,0.03910614525139665,0.03910614525139665,0.03910614525139665
85,44,0.7,20200411,21,优,11,59,74,44,26,NaN,4,东寨港,5e91d009690d8b21f9294a1c,0.40502793296089384,0.40502793296089384,0.40502793296089384,0.40502793296089384,0.40502793296089384,0.40502793296089384,0.40502793296089384,0.40502793296089384
209,26,0.5,20200411,21,优,15,81,78,11,6,NaN,4,市环境监测站,5e91d07d690d8b21f9294a9b,0.15921787709497207,0.15921787709497207,0.15921787709497207,0.15921787709497207,0.15921787709497207,0.15921787709497207,0.15921787709497207,0.15921787709497207
149,500,0.3,20200411,21,严重污染,17,75,93,617,158,颗粒物(PM10),4,棉纺厂,5e91d044690d8b21f9294a5c,0.46089385474860334,0.46089385474860334,0.46089385474860334,0.46089385474860334,0.46089385474860334,0.46089385474860334,0.46089385474860334,0.46089385474860334
67,21,0.6,20200411,21,优,18,66,59,12,7,NaN,4,监测站,5e91cff8690d8b21f9294a0a,0.12569832402234637,0.12569832402234637,0.12569832402234637,0.12569832402234637,0.12569832402234637,0.12569832402234637,0.12569832402234637,0.12569832402234637
348,64,0.9,20200411,21,良,40,67,105,68,46,细颗粒物(PM2.5),4,市环境监测站,5e91d106690d8b21f9294b2b,0.6675977653631285,0.6675977653631285,0.6675977653631285,0.6675977653631285,0.6675977653631285,0.6675977653631285,0.6675977653631285,0.6675977653631285
197,31,0.5,20200411,21,优,18,99,94,18,9,NaN,4,区环保大楼,5e91d072690d8b21f9294a8e,0.24860335195530725,0.24860335195530725,0.24860335195530725,0.24860335195530725,0.24860335195530725,0.24860335195530725,0.24860335195530725,0.24860335195530725
27,55,0.5,20200411,21,良,35,76,113,59,36,颗粒物(PM10),4,污水处理厂,5e91cfd2690d8b21f92949e1,0.5391061452513967,0.5391061452513967,0.5391061452513967,0.5391061452513967,0.5391061452513967,0.5391061452513967,0.5391061452513967,0.5391061452513967
322,19,0.5,20200411,21,优,22,60,57,16,8,NaN,4,江东,5e91d0ec690d8b21f9294b10,0.1005586592178771,0.1005586592178771,0.1005586592178771,0.1005586592178771,0.1005586592178771,0.1005586592178771,0.1005586592178771,0.1005586592178771
344,38,0.3,20200411,21,优,57,37,67,36,26,NaN,4,新区办事处,5e91d102690d8b21f9294b27,0.31843575418994413,0.31843575418994413,0.31843575418994413,0.31843575418994413,0.31843575418994413,0.31843575418994413,0.31843575418994413,0.31843575418994413
283,23,0.5,20200411,21,优,22,73,84,16,11,NaN,4,漆塘,5e91d0c8690d8b21f9294ae9,0.13687150837988826,0.13687150837988826,0.13687150837988826,0.13687150837988826,0.13687150837988826,0.13687150837988826,0.13687150837988826,0.13687150837988826
328,19,0.8,20200411,21,优,5,54,64,-,13,NaN,4,寒山水库,5e91d0f2690d8b21f9294b16,0.1005586592178771,0.1005586592178771,0.1005586592178771,0.1005586592178771,0.1005586592178771,0.1005586592178771,0.1005586592178771,0.1005586592178771
32,50,0.6,20200411,21,优,16,95,82,-,35,NaN,4,经开区环保局,5e91cfd8690d8b21f92949e7,0.44692737430167595,0.44692737430167595,0.44692737430167595,0.44692737430167595,0.44692737430167595,0.44692737430167595,0.44692737430167595,0.44692737430167595
326,46,0.9,20200411,21,优,22,89,86,46,32,NaN,4,南湖风景区,5e91d0f0690d8b21f9294b14,0.4245810055865922,0.4245810055865922,0.4245810055865922,0.4245810055865922,0.4245810055865922,0.4245810055865922,0.4245810055865922,0.4245810055865922
267,26,0.7,20200411,21,优,36,25,68,26,13,NaN,4,铜仁卫校,5e91d0b9690d8b21f9294ad8,0.15921787709497207,0.15921787709497207,0.15921787709497207,0.15921787709497207,0.15921787709497207,0.15921787709497207,0.15921787709497207,0.15921787709497207
92,41,0.5,20200411,21,优,9,90,113,41,15,NaN,4,汉川机床厂子校,5e91d00f690d8b21f9294a23,0.3687150837988827,0.3687150837988827,0.3687150837988827,0.3687150837988827,0.3687150837988827,0.3687150837988827,0.3687150837988827,0.3687150837988827
346,107,0.8,20200411,21,轻度污染,80,6,66,-,80,细颗粒物(PM2.5),4,华柏园,5e91d104690d8b21f9294b29,0.01675977653631285,0.01675977653631285,0.01675977653631285,0.01675977653631285,0.01675977653631285,0.01675977653631285,0.01675977653631285,0.01675977653631285
228,31,0.7,20200411,21,优,20,99,99,-,17,NaN,4,十五厂,5e91d092690d8b21f9294aaf,0.24860335195530725,0.24860335195530725,0.24860335195530725,0.24860335195530725,0.24860335195530725,0.24860335195530725,0.24860335195530725,0.24860335195530725
258,43,0.7,20200411,21,优,18,59,81,39,30,NaN,4,公园路,5e91d0b1690d8b21f9294acf,0.39385474860335196,0.39385474860335196,0.39385474860335196,0.39385474860335196,0.39385474860335196,0.39385474860335196,0.39385474860335196,0.39385474860335196
191,42,0.8,20200411,21,优,16,57,70,42,20,NaN,4,振宁花园,5e91d06c690d8b21f9294a88,0.3854748603351955,0.3854748603351955,0.3854748603351955,0.3854748603351955,0.3854748603351955,0.3854748603351955,0.3854748603351955,0.3854748603351955
352,64,0.8,20200411,21,良,78,14,95,64,46,细颗粒物(PM2.5),4,市一纸厂,5e91d10a690d8b21f9294b2f,0.6675977653631285,0.6675977653631285,0.6675977653631285,0.6675977653631285,0.6675977653631285,0.6675977653631285,0.6675977653631285,0.6675977653631285
321,25,0.4,20200411,21,优,10,80,79,18,8,NaN,4,龙虎山,5e91d0eb690d8b21f9294b0f,0.15083798882681565,0.15083798882681565,0.15083798882681565,0.15083798882681565,0.15083798882681565,0.15083798882681565,0.15083798882681565,0.15083798882681565
86,37,0.9,20200411,21,优,15,77,91,37,16,NaN,4,海门市监测站,5e91d009690d8b21f9294a1d,0.3128491620111732,0.3128491620111732,0.3128491620111732,0.3128491620111732,0.3128491620111732,0.3128491620111732,0.3128491620111732,0.3128491620111732
125,26,0.8,20200411,21,优,27,81,89,16,15,NaN,4,清河小学,5e91d02d690d8b21f9294a44,0.15921787709497207,0.15921787709497207,0.15921787709497207,0.15921787709497207,0.15921787709497207,0.15921787709497207,0.15921787709497207,0.15921787709497207
309,72,0.5,20200411,21,良,30,62,94,63,52,细颗粒物(PM2.5),4,盐城电厂,5e91d0e0690d8b21f9294b03,0.7374301675977654,0.7374301675977654,0.7374301675977654,0.7374301675977654,0.7374301675977654,0.7374301675977654,0.7374301675977654,0.7374301675977654
244,44,1.9,20200411,21,优,41,32,84,44,16,NaN,41,双合村,5e91d0a3690d8b21f9294ac0,0.40502793296089384,0.40502793296089384,0.40502793296089384,0.40502793296089384,0.40502793296089384,0.40502793296089384,0.40502793296089384,0.40502793296089384
95,55,0.7,20200411,21,良,34,50,68,60,31,颗粒物(PM10),5,明珠广场,5e91d012690d8b21f9294a26,0.5391061452513967,0.5391061452513967,0.5391061452513967,0.5391061452513967,0.5391061452513967,0.5391061452513967,0.5391061452513967,0.5391061452513967
78,24,0.9,20200411,21,优,10,76,70,15,6,NaN,5,电子科大尧山校区,5e91d003690d8b21f9294a15,0.1424581005586592,0.1424581005586592,0.1424581005586592,0.1424581005586592,0.1424581005586592,0.1424581005586592,0.1424581005586592,0.1424581005586592
119,31,0.6,20200411,21,优,12,50,71,31,14,NaN,5,红声器材厂,5e91d028690d8b21f9294a3e,0.24860335195530725,0.24860335195530725,0.24860335195530725,0.24860335195530725,0.24860335195530725,0.24860335195530725,0.24860335195530725,0.24860335195530725
316,29,0.8,20200411,21,优,20,64,82,-,20,NaN,5,中心医院,5e91d0e6690d8b21f9294b0a,0.21508379888268156,0.21508379888268156,0.21508379888268156,0.21508379888268156,0.21508379888268156,0.21508379888268156,0.21508379888268156,0.21508379888268156
61,34,0.4,20200411,21,优,11,51,71,34,19,NaN,5,湖北民院,5e91cff3690d8b21f9294a04,0.2737430167597765,0.2737430167597765,0.2737430167597765,0.2737430167597765,0.2737430167597765,0.2737430167597765,0.2737430167597765,0.2737430167597765
68,88,0.5,20200411,21,良,36,66,84,86,65,细颗粒物(PM2.5),5,市监测站,5e91cffa690d8b21f9294a0b,0.8296089385474861,0.8296089385474861,0.8296089385474861,0.8296089385474861,0.8296089385474861,0.8296089385474861,0.8296089385474861,0.8296089385474861
174,33,0.5,20200411,21,优,26,72,82,29,23,NaN,5,溧阳市东门子站,5e91d05c690d8b21f9294a77,0.26256983240223464,0.26256983240223464,0.26256983240223464,0.26256983240223464,0.26256983240223464,0.26256983240223464,0.26256983240223464,0.26256983240223464
187,38,0.4,20200411,21,优,23,61,85,38,25,NaN,5,第一医院,5e91d069690d8b21f9294a84,0.31843575418994413,0.31843575418994413,0.31843575418994413,0.31843575418994413,0.31843575418994413,0.31843575418994413,0.31843575418994413,0.31843575418994413
26,83,0.3,20200411,21,良,7,76,82,116,15,颗粒物(PM10),5,博乐市西郊区,5e91cfd1690d8b21f92949e0,0.8044692737430168,0.8044692737430168,0.8044692737430168,0.8044692737430168,0.8044692737430168,0.8044692737430168,0.8044692737430168,0.8044692737430168
278,35,0.9,20200411,21,优,27,80,89,35,17,NaN,5,吴江市环保局,5e91d0c4690d8b21f9294ae4,0.2849162011173184,0.2849162011173184,0.2849162011173184,0.2849162011173184,0.2849162011173184,0.2849162011173184,0.2849162011173184,0.2849162011173184
248,43,0.4,20200411,21,优,11,77,89,43,21,NaN,5,人和东街,5e91d0a6690d8b21f9294ac4,0.39385474860335196,0.39385474860335196,0.39385474860335196,0.39385474860335196,0.39385474860335196,0.39385474860335196,0.39385474860335196,0.39385474860335196
109,53,0.5,20200411,21,良,10,77,81,55,34,颗粒物(PM10),5,职工中心,5e91d01f690d8b21f9294a34,0.5083798882681564,0.5083798882681564,0.5083798882681564,0.5083798882681564,0.5083798882681564,0.5083798882681564,0.5083798882681564,0.5083798882681564
144,35,0.6,20200411,21,优,22,72,89,34,24,NaN,5,消防指挥中心,5e91d03f690d8b21f9294a57,0.2849162011173184,0.2849162011173184,0.2849162011173184,0.2849162011173184,0.2849162011173184,0.2849162011173184,0.2849162011173184,0.2849162011173184
6,54,-,20200411,21,良,10,87,80,-,38,细颗粒物(PM2.5),5,环科院,5e91cfc0690d8b21f92949cc,0.5307262569832403,0.5307262569832403,0.5307262569832403,0.5307262569832403,0.5307262569832403,0.5307262569832403,0.5307262569832403,0.5307262569832403
43,77,0.5,20200411,21,良,24,64,77,104,31,颗粒物(PM10),5,市环保局江州分局,5e91cfe1690d8b21f92949f2,0.7653631284916201,0.7653631284916201,0.7653631284916201,0.7653631284916201,0.7653631284916201,0.7653631284916201,0.7653631284916201,0.7653631284916201
334,30,0.4,20200411,21,优,17,67,77,19,21,NaN,5,张家港市监测站,5e91d0f7690d8b21f9294b1c,0.22625698324022347,0.22625698324022347,0.22625698324022347,0.22625698324022347,0.22625698324022347,0.22625698324022347,0.22625698324022347,0.22625698324022347
277,26,0.6,20200411,21,优,25,74,76,22,18,NaN,5,监测站,5e91d0c2690d8b21f9294ae3,0.15921787709497207,0.15921787709497207,0.15921787709497207,0.15921787709497207,0.15921787709497207,0.15921787709497207,0.15921787709497207,0.15921787709497207
218,53,1,20200411,21,良,38,66,83,56,31,颗粒物(PM10),5,环保局,5e91d085690d8b21f9294aa4,0.5083798882681564,0.5083798882681564,0.5083798882681564,0.5083798882681564,0.5083798882681564,0.5083798882681564,0.5083798882681564,0.5083798882681564
340,45,0.9,20200411,21,优,34,41,73,-,31,NaN,5,湛江影剧院,5e91d0fd690d8b21f9294b22,0.41899441340782123,0.41899441340782123,0.41899441340782123,0.41899441340782123,0.41899441340782123,0.41899441340782123,0.41899441340782123,0.41899441340782123
271,61,0.5,20200411,21,良,91,9,91,72,36,颗粒物(PM10),5,农科所,5e91d0bd690d8b21f9294add,0.6256983240223464,0.6256983240223464,0.6256983240223464,0.6256983240223464,0.6256983240223464,0.6256983240223464,0.6256983240223464,0.6256983240223464
13,55,0.7,20200411,21,良,13,96,92,60,22,颗粒物(PM10),5,豫源饭店,5e91cfc6690d8b21f92949d3,0.5391061452513967,0.5391061452513967,0.5391061452513967,0.5391061452513967,0.5391061452513967,0.5391061452513967,0.5391061452513967,0.5391061452513967
268,125,0.6,20200411,21,轻度污染,35,64,93,200,55,颗粒物(PM10),5,地区环保局,5e91d0ba690d8b21f9294ad9,0.05027932960893855,0.05027932960893855,0.05027932960893855,0.05027932960893855,0.05027932960893855,0.05027932960893855,0.05027932960893855,0.05027932960893855
69,30,0.5,20200411,21,优,16,94,94,22,14,NaN,5,鼓山,5e91cffb690d8b21f9294a0c,0.22625698324022347,0.22625698324022347,0.22625698324022347,0.22625698324022347,0.22625698324022347,0.22625698324022347,0.22625698324022347,0.22625698324022347
11,51,0.7,20200411,21,良,15,91,100,52,26,颗粒物(PM10),5,市监测站,5e91cfc4690d8b21f92949d1,0.4720670391061452,0.4720670391061452,0.4720670391061452,0.4720670391061452,0.4720670391061452,0.4720670391061452,0.4720670391061452,0.4720670391061452
323,27,0.6,20200411,21,优,25,74,68,27,18,NaN,5,宜兴市环保局,5e91d0ed690d8b21f9294b11,0.1871508379888268,0.1871508379888268,0.1871508379888268,0.1871508379888268,0.1871508379888268,0.1871508379888268,0.1871508379888268,0.1871508379888268
16,52,0.4,20200411,21,良,16,100,115,54,26,颗粒物(PM10),5,庙沟村,5e91cfc9690d8b21f92949d6,0.4888268156424581,0.4888268156424581,0.4888268156424581,0.4888268156424581,0.4888268156424581,0.4888268156424581,0.4888268156424581,0.4888268156424581
219,78,0.8,20200411,21,良,45,20,43,67,57,细颗粒物(PM2.5),5,涂山街,5e91d086690d8b21f9294aa5,0.7737430167597765,0.7737430167597765,0.7737430167597765,0.7737430167597765,0.7737430167597765,0.7737430167597765,0.7737430167597765,0.7737430167597765
103,16,0.5,20200411,21,优,11,40,39,16,10,NaN,5,环保小区,5e91d019690d8b21f9294a2e,0.0893854748603352,0.0893854748603352,0.0893854748603352,0.0893854748603352,0.0893854748603352,0.0893854748603352,0.0893854748603352,0.0893854748603352
186,71,0.4,20200411,21,良,38,102,143,91,32,颗粒物(PM10),5,富乐山,5e91d068690d8b21f9294a83,0.7346368715083799,0.7346368715083799,0.7346368715083799,0.7346368715083799,0.7346368715083799,0.7346368715083799,0.7346368715083799,0.7346368715083799
270,78,0.8,20200411,21,良,29,125,142,105,53,颗粒物(PM10),5,华夏技校,5e91d0bc690d8b21f9294adc,0.7737430167597765,0.7737430167597765,0.7737430167597765,0.7737430167597765,0.7737430167597765,0.7737430167597765,0.7737430167597765,0.7737430167597765
142,157,0.6,20200411,21,中度污染,18,84,101,263,46,颗粒物(PM10),5,仓门街子站,5e91d03d690d8b21f9294a55,0.08659217877094973,0.08659217877094973,0.08659217877094973,0.08659217877094973,0.08659217877094973,0.08659217877094973,0.08659217877094973,0.08659217877094973
17,51,0.5,20200411,21,良,8,128,138,51,19,颗粒物(PM10),5,市环保局,5e91cfca690d8b21f92949d7,0.4720670391061452,0.4720670391061452,0.4720670391061452,0.4720670391061452,0.4720670391061452,0.4720670391061452,0.4720670391061452,0.4720670391061452
211,58,0.5,20200411,21,良,15,124,131,64,41,细颗粒物(PM2.5),5,场坝街,5e91d07f690d8b21f9294a9d,0.5837988826815642,0.5837988826815642,0.5837988826815642,0.5837988826815642,0.5837988826815642,0.5837988826815642,0.5837988826815642,0.5837988826815642
196,63,0.6,20200411,21,良,15,108,116,75,37,颗粒物(PM10),5,市监测站,5e91d071690d8b21f9294a8d,0.6508379888268156,0.6508379888268156,0.6508379888268156,0.6508379888268156,0.6508379888268156,0.6508379888268156,0.6508379888268156,0.6508379888268156
161,67,0.5,20200411,21,良,36,80,125,83,36,颗粒物(PM10),5,区政府,5e91d050690d8b21f9294a69,0.6899441340782123,0.6899441340782123,0.6899441340782123,0.6899441340782123,0.6899441340782123,0.6899441340782123,0.6899441340782123,0.6899441340782123
251,105,0.8,20200411,21,轻度污染,21,96,124,-,79,细颗粒物(PM2.5),5,宿迁学院,5e91d0a9690d8b21f9294ac7,0.0111731843575419,0.0111731843575419,0.0111731843575419,0.0111731843575419,0.0111731843575419,0.0111731843575419,0.0111731843575419,0.0111731843575419
356,55,0.4,20200411,21,良,20,110,123,59,31,颗粒物(PM10),5,莲花山,5e91d10d690d8b21f9294b33,0.5391061452513967,0.5391061452513967,0.5391061452513967,0.5391061452513967,0.5391061452513967,0.5391061452513967,0.5391061452513967,0.5391061452513967
307,51,0.5,20200411,21,良,80,28,118,52,27,颗粒物(PM10),5,枣园,5e91d0de690d8b21f9294b01,0.4720670391061452,0.4720670391061452,0.4720670391061452,0.4720670391061452,0.4720670391061452,0.4720670391061452,0.4720670391061452,0.4720670391061452
296,40,0.7,20200411,21,优,49,66,110,40,19,NaN,5,达活泉,5e91d0d5690d8b21f9294af6,0.36033519553072624,0.36033519553072624,0.36033519553072624,0.36033519553072624,0.36033519553072624,0.36033519553072624,0.36033519553072624,0.36033519553072624
212,83,0.5,20200411,21,良,55,96,108,90,61,细颗粒物(PM2.5),5,李沧区子站,5e91d080690d8b21f9294a9e,0.8044692737430168,0.8044692737430168,0.8044692737430168,0.8044692737430168,0.8044692737430168,0.8044692737430168,0.8044692737430168,0.8044692737430168
229,54,0.5,20200411,21,良,28,71,108,58,29,颗粒物(PM10),5,监测站,5e91d093690d8b21f9294ab0,0.5307262569832403,0.5307262569832403,0.5307262569832403,0.5307262569832403,0.5307262569832403,0.5307262569832403,0.5307262569832403,0.5307262569832403
64,50,0.6,20200411,21,优,39,32,44,50,20,NaN,5,湾梁,5e91cff6690d8b21f9294a07,0.44692737430167595,0.44692737430167595,0.44692737430167595,0.44692737430167595,0.44692737430167595,0.44692737430167595,0.44692737430167595,0.44692737430167595
176,60,0.6,20200411,21,良,40,21,47,-,43,细颗粒物(PM2.5),5,龙岩师专,5e91d05e690d8b21f9294a79,0.611731843575419,0.611731843575419,0.611731843575419,0.611731843575419,0.611731843575419,0.611731843575419,0.611731843575419,0.611731843575419
54,88,0.5,20200411,21,良,39,88,115,125,34,颗粒物(PM10),5,东山公园,5e91cfec690d8b21f92949fd,0.8296089385474861,0.8296089385474861,0.8296089385474861,0.8296089385474861,0.8296089385474861,0.8296089385474861,0.8296089385474861,0.8296089385474861
71,87,0.3,20200411,21,良,16,112,121,124,51,颗粒物(PM10),5,监测站,5e91cffc690d8b21f9294a0e,0.8268156424581006,0.8268156424581006,0.8268156424581006,0.8268156424581006,0.8268156424581006,0.8268156424581006,0.8268156424581006,0.8268156424581006
74,54,0.6,20200411,21,良,12,82,111,58,25,颗粒物(PM10),5,小平旧居,5e91cfff690d8b21f9294a11,0.5307262569832403,0.5307262569832403,0.5307262569832403,0.5307262569832403,0.5307262569832403,0.5307262569832403,0.5307262569832403,0.5307262569832403
107,17,0.8,20200411,21,优,7,54,64,16,5,NaN,5,林科所,5e91d01d690d8b21f9294a32,0.09217877094972067,0.09217877094972067,0.09217877094972067,0.09217877094972067,0.09217877094972067,0.09217877094972067,0.09217877094972067,0.09217877094972067
173,19,0.4,20200411,21,优,7,58,57,10,10,NaN,5,柳东小学,5e91d05b690d8b21f9294a76,0.1005586592178771,0.1005586592178771,0.1005586592178771,0.1005586592178771,0.1005586592178771,0.1005586592178771,0.1005586592178771,0.1005586592178771
127,42,0.9,20200411,21,优,20,42,64,-,29,NaN,5,新兴,5e91d02f690d8b21f9294a46,0.3854748603351955,0.3854748603351955,0.3854748603351955,0.3854748603351955,0.3854748603351955,0.3854748603351955,0.3854748603351955,0.3854748603351955
133,29,0.4,20200411,21,优,7,64,61,-,20,NaN,5,王岗中学,5e91d035690d8b21f9294a4c,0.21508379888268156,0.21508379888268156,0.21508379888268156,0.21508379888268156,0.21508379888268156,0.21508379888268156,0.21508379888268156,0.21508379888268156
42,48,0.4,20200411,21,优,14,66,64,40,33,NaN,5,池州学院,5e91cfe1690d8b21f92949f1,0.43854748603351956,0.43854748603351956,0.43854748603351956,0.43854748603351956,0.43854748603351956,0.43854748603351956,0.43854748603351956,0.43854748603351956
243,122,2.6,20200411,21,轻度污染,63,42,84,171,92,细颗粒物(PM2.5),55,监测站,5e91d0a2690d8b21f9294abf,0.0446927374301676,0.0446927374301676,0.0446927374301676,0.0446927374301676,0.0446927374301676,0.0446927374301676,0.0446927374301676,0.0446927374301676
0,35,0.4,20200411,21,优,6,77,94,-,24,NaN,6,州农科所,5e91cfba690d8b21f92949c6,0.2849162011173184,0.2849162011173184,0.2849162011173184,0.2849162011173184,0.2849162011173184,0.2849162011173184,0.2849162011173184,0.2849162011173184
272,67,0.7,20200411,21,良,29,107,133,83,35,颗粒物(PM10),6,文登市环保局,5e91d0be690d8b21f9294ade,0.6899441340782123,0.6899441340782123,0.6899441340782123,0.6899441340782123,0.6899441340782123,0.6899441340782123,0.6899441340782123,0.6899441340782123
37,38,0.7,20200411,21,优,9,53,70,-,26,NaN,6,西园路,5e91cfdc690d8b21f92949ec,0.31843575418994413,0.31843575418994413,0.31843575418994413,0.31843575418994413,0.31843575418994413,0.31843575418994413,0.31843575418994413,0.31843575418994413
184,60,0.4,20200411,21,良,11,110,130,69,30,颗粒物(PM10),6,蟆颐观,5e91d066690d8b21f9294a81,0.611731843575419,0.611731843575419,0.611731843575419,0.611731843575419,0.611731843575419,0.611731843575419,0.611731843575419,0.611731843575419
117,26,0.7,20200411,21,优,52,51,66,14,4,NaN,6,城西水厂,5e91d026690d8b21f9294a3c,0.15921787709497207,0.15921787709497207,0.15921787709497207,0.15921787709497207,0.15921787709497207,0.15921787709497207,0.15921787709497207,0.15921787709497207
5,35,0.3,20200411,21,优,11,110,115,30,12,NaN,6,香溪洞,5e91cfbf690d8b21f92949cb,0.2849162011173184,0.2849162011173184,0.2849162011173184,0.2849162011173184,0.2849162011173184,0.2849162011173184,0.2849162011173184,0.2849162011173184
49,30,0.4,20200411,21,优,15,96,112,29,16,NaN,6,大同区,5e91cfe7690d8b21f92949f8,0.22625698324022347,0.22625698324022347,0.22625698324022347,0.22625698324022347,0.22625698324022347,0.22625698324022347,0.22625698324022347,0.22625698324022347
216,61,1.4,20200411,21,良,35,34,63,71,-,颗粒物(PM10),6,市环保站,5e91d083690d8b21f9294aa2,0.6256983240223464,0.6256983240223464,0.6256983240223464,0.6256983240223464,0.6256983240223464,0.6256983240223464,0.6256983240223464,0.6256983240223464
320,52,0.5,20200411,21,良,30,98,124,53,30,颗粒物(PM10),6,西炮台,5e91d0ea690d8b21f9294b0e,0.4888268156424581,0.4888268156424581,0.4888268156424581,0.4888268156424581,0.4888268156424581,0.4888268156424581,0.4888268156424581,0.4888268156424581
66,82,0.4,20200411,21,良,17,87,106,113,24,颗粒物(PM10),6,工业园区,5e91cff8690d8b21f9294a09,0.8016759776536313,0.8016759776536313,0.8016759776536313,0.8016759776536313,0.8016759776536313,0.8016759776536313,0.8016759776536313,0.8016759776536313
81,57,0.5,20200411,21,良,21,89,116,64,34,颗粒物(PM10),6,马园,5e91d005690d8b21f9294a18,0.5726256983240223,0.5726256983240223,0.5726256983240223,0.5726256983240223,0.5726256983240223,0.5726256983240223,0.5726256983240223,0.5726256983240223
113,27,0.5,20200411,21,优,15,84,91,23,14,NaN,6,呼市一监,5e91d023690d8b21f9294a38,0.1871508379888268,0.1871508379888268,0.1871508379888268,0.1871508379888268,0.1871508379888268,0.1871508379888268,0.1871508379888268,0.1871508379888268
164,37,0.6,20200411,21,优,5,116,120,24,16,NaN,6,西南郊,5e91d052690d8b21f9294a6c,0.3128491620111732,0.3128491620111732,0.3128491620111732,0.3128491620111732,0.3128491620111732,0.3128491620111732,0.3128491620111732,0.3128491620111732
38,39,0.8,20200411,21,优,58,41,100,39,21,NaN,6,铁路,5e91cfdd690d8b21f92949ed,0.3324022346368715,0.3324022346368715,0.3324022346368715,0.3324022346368715,0.3324022346368715,0.3324022346368715,0.3324022346368715,0.3324022346368715
183,39,0.7,20200411,21,优,30,42,67,39,19,NaN,6,市环保局茂港分局,5e91d065690d8b21f9294a80,0.3324022346368715,0.3324022346368715,0.3324022346368715,0.3324022346368715,0.3324022346368715,0.3324022346368715,0.3324022346368715,0.3324022346368715
53,58,0.7,20200411,21,良,43,43,85,66,24,颗粒物(PM10),6,德宏州监测站,5e91cfeb690d8b21f92949fc,0.5837988826815642,0.5837988826815642,0.5837988826815642,0.5837988826815642,0.5837988826815642,0.5837988826815642,0.5837988826815642,0.5837988826815642
87,40,0.6,20200411,21,优,19,98,122,40,21,NaN,6,共和县恰卜恰镇,5e91d00a690d8b21f9294a1e,0.36033519553072624,0.36033519553072624,0.36033519553072624,0.36033519553072624,0.36033519553072624,0.36033519553072624,0.36033519553072624,0.36033519553072624
193,33,0.7,20200411,21,优,16,78,94,-,23,NaN,6,南郊,5e91d06e690d8b21f9294a8a,0.26256983240223464,0.26256983240223464,0.26256983240223464,0.26256983240223464,0.26256983240223464,0.26256983240223464,0.26256983240223464,0.26256983240223464
83,108,0.4,20200411,21,轻度污染,7,113,116,166,46,颗粒物(PM10),6,海晏县西海镇,5e91d007690d8b21f9294a1a,0.025139664804469275,0.025139664804469275,0.025139664804469275,0.025139664804469275,0.025139664804469275,0.025139664804469275,0.025139664804469275,0.025139664804469275
21,40,0.6,20200411,21,优,26,9,54,40,22,NaN,6,牛尾岭水库,5e91cfcd690d8b21f92949db,0.36033519553072624,0.36033519553072624,0.36033519553072624,0.36033519553072624,0.36033519553072624,0.36033519553072624,0.36033519553072624,0.36033519553072624
180,60,0.8,20200411,21,良,34,29,80,69,38,颗粒物(PM10),6,九狮山,5e91d061690d8b21f9294a7d,0.611731843575419,0.611731843575419,0.611731843575419,0.611731843575419,0.611731843575419,0.611731843575419,0.611731843575419,0.611731843575419
276,50,0.5,20200411,21,优,19,65,72,-,35,NaN,6,东湖梨园,5e91d0c1690d8b21f9294ae2,0.44692737430167595,0.44692737430167595,0.44692737430167595,0.44692737430167595,0.44692737430167595,0.44692737430167595,0.44692737430167595,0.44692737430167595
240,39,0.4,20200411,21,优,71,35,101,-,27,NaN,6,职工医院,5e91d09e690d8b21f9294abc,0.3324022346368715,0.3324022346368715,0.3324022346368715,0.3324022346368715,0.3324022346368715,0.3324022346368715,0.3324022346368715,0.3324022346368715
155,51,0.4,20200411,21,良,29,71,98,52,27,颗粒物(PM10),6,药材公司,5e91d04a690d8b21f9294a63,0.4720670391061452,0.4720670391061452,0.4720670391061452,0.4720670391061452,0.4720670391061452,0.4720670391061452,0.4720670391061452,0.4720670391061452
157,39,0.4,20200411,21,优,10,92,98,39,13,NaN,6,八廓街,5e91d04c690d8b21f9294a65,0.3324022346368715,0.3324022346368715,0.3324022346368715,0.3324022346368715,0.3324022346368715,0.3324022346368715,0.3324022346368715,0.3324022346368715
24,27,0.5,20200411,21,优,14,86,93,17,11,NaN,6,八中,5e91cfcf690d8b21f92949de,0.1871508379888268,0.1871508379888268,0.1871508379888268,0.1871508379888268,0.1871508379888268,0.1871508379888268,0.1871508379888268,0.1871508379888268
101,26,0.7,20200411,21,优,18,73,42,26,13,NaN,6,源西,5e91d017690d8b21f9294a2c,0.15921787709497207,0.15921787709497207,0.15921787709497207,0.15921787709497207,0.15921787709497207,0.15921787709497207,0.15921787709497207,0.15921787709497207
39,81,0.8,20200411,21,良,55,34,101,112,36,颗粒物(PM10),6,金泉两河,5e91cfde690d8b21f92949ee,0.7932960893854749,0.7932960893854749,0.7932960893854749,0.7932960893854749,0.7932960893854749,0.7932960893854749,0.7932960893854749,0.7932960893854749
134,102,0.6,20200411,21,轻度污染,34,60,97,-,76,细颗粒物(PM2.5),6,竹园小学,5e91d036690d8b21f9294a4d,0.002793296089385475,0.002793296089385475,0.002793296089385475,0.002793296089385475,0.002793296089385475,0.002793296089385475,0.002793296089385475,0.002793296089385475
35,34,0.4,20200411,21,优,36,56,76,34,18,NaN,6,市监测站,5e91cfda690d8b21f92949ea,0.2737430167597765,0.2737430167597765,0.2737430167597765,0.2737430167597765,0.2737430167597765,0.2737430167597765,0.2737430167597765,0.2737430167597765
273,74,0.7,20200411,21,良,11,101,137,69,54,细颗粒物(PM2.5),6,州水务局,5e91d0bf690d8b21f9294adf,0.7541899441340782,0.7541899441340782,0.7541899441340782,0.7541899441340782,0.7541899441340782,0.7541899441340782,0.7541899441340782,0.7541899441340782
234,12,0.6,20200411,21,优,12,38,40,11,7,NaN,6,市八中,5e91d098690d8b21f9294ab6,0.03910614525139665,0.03910614525139665,0.03910614525139665,0.03910614525139665,0.03910614525139665,0.03910614525139665,0.03910614525139665,0.03910614525139665
210,22,0.6,20200411,21,优,9,68,71,5,2,NaN,6,小围寨,5e91d07e690d8b21f9294a9c,0.1340782122905028,0.1340782122905028,0.1340782122905028,0.1340782122905028,0.1340782122905028,0.1340782122905028,0.1340782122905028,0.1340782122905028
40,15,0.4,20200411,21,优,13,48,41,10,10,NaN,6,马头岭,5e91cfdf690d8b21f92949ef,0.0782122905027933,0.0782122905027933,0.0782122905027933,0.0782122905027933,0.0782122905027933,0.0782122905027933,0.0782122905027933,0.0782122905027933
286,68,0.6,20200411,21,良,77,10,34,81,49,细颗粒物(PM2.5),6,洪文,5e91d0cb690d8b21f9294aec,0.7039106145251397,0.7039106145251397,0.7039106145251397,0.7039106145251397,0.7039106145251397,0.7039106145251397,0.7039106145251397,0.7039106145251397
217,55,1.2,20200411,21,良,51,41,93,60,33,颗粒物(PM10),6,安居小区,5e91d084690d8b21f9294aa3,0.5391061452513967,0.5391061452513967,0.5391061452513967,0.5391061452513967,0.5391061452513967,0.5391061452513967,0.5391061452513967,0.5391061452513967
336,41,0.4,20200411,21,优,6,90,102,41,16,NaN,6,人民公园,5e91d0f9690d8b21f9294b1e,0.3687150837988827,0.3687150837988827,0.3687150837988827,0.3687150837988827,0.3687150837988827,0.3687150837988827,0.3687150837988827,0.3687150837988827
357,28,0.5,20200411,21,优,21,59,60,-,19,NaN,6,丁字口,5e91d10e690d8b21f9294b34,0.19832402234636873,0.19832402234636873,0.19832402234636873,0.19832402234636873,0.19832402234636873,0.19832402234636873,0.19832402234636873,0.19832402234636873
195,72,0.8,20200411,21,良,5,58,70,94,28,颗粒物(PM10),6,那曲监测站,5e91d070690d8b21f9294a8c,0.7374301675977654,0.7374301675977654,0.7374301675977654,0.7374301675977654,0.7374301675977654,0.7374301675977654,0.7374301675977654,0.7374301675977654
55,69,0.9,20200411,21,良,54,48,100,88,38,颗粒物(PM10),6,儿童乐园,5e91cfed690d8b21f92949fe,0.7178770949720671,0.7178770949720671,0.7178770949720671,0.7178770949720671,0.7178770949720671,0.7178770949720671,0.7178770949720671,0.7178770949720671
274,15,0.5,20200411,21,优,29,40,36,12,4,NaN,6,瓯海,5e91d0c0690d8b21f9294ae0,0.0782122905027933,0.0782122905027933,0.0782122905027933,0.0782122905027933,0.0782122905027933,0.0782122905027933,0.0782122905027933,0.0782122905027933
194,57,0.9,20200411,21,良,38,86,115,64,34,颗粒物(PM10),6,瓦房庄,5e91d06f690d8b21f9294a8b,0.5726256983240223,0.5726256983240223,0.5726256983240223,0.5726256983240223,0.5726256983240223,0.5726256983240223,0.5726256983240223,0.5726256983240223
200,84,0.6,20200411,21,良,21,84,110,117,21,颗粒物(PM10),6,开发区,5e91d075690d8b21f9294a91,0.8156424581005587,0.8156424581005587,0.8156424581005587,0.8156424581005587,0.8156424581005587,0.8156424581005587,0.8156424581005587,0.8156424581005587
151,23,0.8,20200411,21,优,21,71,78,15,13,NaN,6,昆山实验小学,5e91d046690d8b21f9294a5e,0.13687150837988826,0.13687150837988826,0.13687150837988826,0.13687150837988826,0.13687150837988826,0.13687150837988826,0.13687150837988826,0.13687150837988826
315,59,0.8,20200411,21,良,30,61,89,51,42,细颗粒物(PM2.5),7,四零三,5e91d0e5690d8b21f9294b09,0.5921787709497207,0.5921787709497207,0.5921787709497207,0.5921787709497207,0.5921787709497207,0.5921787709497207,0.5921787709497207,0.5921787709497207
287,58,0.5,20200411,21,良,46,82,114,66,31,颗粒物(PM10),7,高压开关厂,5e91d0cc690d8b21f9294aed,0.5837988826815642,0.5837988826815642,0.5837988826815642,0.5837988826815642,0.5837988826815642,0.5837988826815642,0.5837988826815642,0.5837988826815642
47,52,0.5,20200411,21,良,14,112,116,54,20,颗粒物(PM10),7,大理市环境监测站,5e91cfe6690d8b21f92949f6,0.4888268156424581,0.4888268156424581,0.4888268156424581,0.4888268156424581,0.4888268156424581,0.4888268156424581,0.4888268156424581,0.4888268156424581
45,75,0.8,20200411,21,良,22,87,92,59,55,细颗粒物(PM2.5),7,人大宾馆,5e91cfe4690d8b21f92949f4,0.7597765363128491,0.7597765363128491,0.7597765363128491,0.7597765363128491,0.7597765363128491,0.7597765363128491,0.7597765363128491,0.7597765363128491
261,34,0.2,20200411,21,优,8,98,113,34,12,NaN,7,仙人崖,5e91d0b4690d8b21f9294ad2,0.2737430167597765,0.2737430167597765,0.2737430167597765,0.2737430167597765,0.2737430167597765,0.2737430167597765,0.2737430167597765,0.2737430167597765
179,72,0.8,20200411,21,良,86,35,94,92,52,细颗粒物(PM2.5),7,中信二小,5e91d061690d8b21f9294a7c,0.7374301675977654,0.7374301675977654,0.7374301675977654,0.7374301675977654,0.7374301675977654,0.7374301675977654,0.7374301675977654,0.7374301675977654
166,69,0.7,20200411,21,良,12,106,115,-,50,细颗粒物(PM2.5),7,市环保局,5e91d054690d8b21f9294a6e,0.7178770949720671,0.7178770949720671,0.7178770949720671,0.7178770949720671,0.7178770949720671,0.7178770949720671,0.7178770949720671,0.7178770949720671
343,68,1.1,20200411,21,良,96,41,128,83,49,细颗粒物(PM2.5),7,烟厂,5e91d100690d8b21f9294b26,0.7039106145251397,0.7039106145251397,0.7039106145251397,0.7039106145251397,0.7039106145251397,0.7039106145251397,0.7039106145251397,0.7039106145251397
342,30,0.4,20200411,21,优,13,88,84,30,13,NaN,7,监测站,5e91d0fe690d8b21f9294b24,0.22625698324022347,0.22625698324022347,0.22625698324022347,0.22625698324022347,0.22625698324022347,0.22625698324022347,0.22625698324022347,0.22625698324022347
302,127,2.8,20200411,21,轻度污染,90,22,137,141,96,细颗粒物(PM2.5),7,景洪市江南,5e91d0da690d8b21f9294afc,0.055865921787709494,0.055865921787709494,0.055865921787709494,0.055865921787709494,0.055865921787709494,0.055865921787709494,0.055865921787709494,0.055865921787709494
76,19,0.9,20200411,21,优,38,26,29,15,9,NaN,7,广雅中学,5e91d001690d8b21f9294a13,0.1005586592178771,0.1005586592178771,0.1005586592178771,0.1005586592178771,0.1005586592178771,0.1005586592178771,0.1005586592178771,0.1005586592178771
284,44,0.4,20200411,21,优,24,89,111,44,18,NaN,7,教育园区,5e91d0c9690d8b21f9294aea,0.40502793296089384,0.40502793296089384,0.40502793296089384,0.40502793296089384,0.40502793296089384,0.40502793296089384,0.40502793296089384,0.40502793296089384
63,59,1.1,20200411,21,良,58,8,30,68,30,颗粒物(PM10),7,沙万,5e91cff5690d8b21f9294a06,0.5921787709497207,0.5921787709497207,0.5921787709497207,0.5921787709497207,0.5921787709497207,0.5921787709497207,0.5921787709497207,0.5921787709497207
65,81,0.4,20200411,21,良,17,103,126,111,29,颗粒物(PM10),7,沈抚新城,5e91cff7690d8b21f9294a08,0.7932960893854749,0.7932960893854749,0.7932960893854749,0.7932960893854749,0.7932960893854749,0.7932960893854749,0.7932960893854749,0.7932960893854749
143,33,0.6,20200411,21,优,19,68,83,33,17,NaN,7,环保局,5e91d03e690d8b21f9294a56,0.26256983240223464,0.26256983240223464,0.26256983240223464,0.26256983240223464,0.26256983240223464,0.26256983240223464,0.26256983240223464,0.26256983240223464
25,78,1,20200411,21,良,71,44,95,105,27,颗粒物(PM10),7,市环保局,5e91cfd0690d8b21f92949df,0.7737430167597765,0.7737430167597765,0.7737430167597765,0.7737430167597765,0.7737430167597765,0.7737430167597765,0.7737430167597765,0.7737430167597765
223,67,0.8,20200411,21,良,26,113,145,83,47,颗粒物(PM10),7,荣成市环保局办公楼,5e91d08b690d8b21f9294aaa,0.6899441340782123,0.6899441340782123,0.6899441340782123,0.6899441340782123,0.6899441340782123,0.6899441340782123,0.6899441340782123,0.6899441340782123
330,19,0.6,20200411,21,优,9,60,74,8,4,NaN,7,新市府,5e91d0f3690d8b21f9294b18,0.1005586592178771,0.1005586592178771,0.1005586592178771,0.1005586592178771,0.1005586592178771,0.1005586592178771,0.1005586592178771,0.1005586592178771
304,63,1.1,20200411,21,良,74,37,98,65,45,细颗粒物(PM2.5),7,监测站,5e91d0dc690d8b21f9294afe,0.6508379888268156,0.6508379888268156,0.6508379888268156,0.6508379888268156,0.6508379888268156,0.6508379888268156,0.6508379888268156,0.6508379888268156
152,18,0.9,20200411,21,优,13,47,62,18,10,NaN,7,来宾二中,5e91d047690d8b21f9294a5f,0.09497206703910614,0.09497206703910614,0.09497206703910614,0.09497206703910614,0.09497206703910614,0.09497206703910614,0.09497206703910614,0.09497206703910614
3,140,0.4,20200411,21,轻度污染,12,73,85,230,48,颗粒物(PM10),7,小东沟,5e91cfbc690d8b21f92949c9,0.07262569832402235,0.07262569832402235,0.07262569832402235,0.07262569832402235,0.07262569832402235,0.07262569832402235,0.07262569832402235,0.07262569832402235
350,55,0.4,20200411,21,良,52,52,85,59,29,颗粒物(PM10),7,吉大,5e91d108690d8b21f9294b2d,0.5391061452513967,0.5391061452513967,0.5391061452513967,0.5391061452513967,0.5391061452513967,0.5391061452513967,0.5391061452513967,0.5391061452513967
110,88,0.4,20200411,21,良,11,113,122,125,41,颗粒物(PM10),7,同仁县隆务镇,5e91d020690d8b21f9294a35,0.8296089385474861,0.8296089385474861,0.8296089385474861,0.8296089385474861,0.8296089385474861,0.8296089385474861,0.8296089385474861,0.8296089385474861
77,19,0.7,20200411,21,优,14,58,66,19,10,NaN,7,德智高中,5e91d002690d8b21f9294a14,0.1005586592178771,0.1005586592178771,0.1005586592178771,0.1005586592178771,0.1005586592178771,0.1005586592178771,0.1005586592178771,0.1005586592178771
28,69,0.5,20200411,21,良,49,73,104,88,30,颗粒物(PM10),7,沧县城建局,5e91cfd3690d8b21f92949e2,0.7178770949720671,0.7178770949720671,0.7178770949720671,0.7178770949720671,0.7178770949720671,0.7178770949720671,0.7178770949720671,0.7178770949720671
333,83,0.6,20200411,21,良,61,54,93,116,57,颗粒物(PM10),72,市中区政府,5e91d0f6690d8b21f9294b1b,0.8044692737430168,0.8044692737430168,0.8044692737430168,0.8044692737430168,0.8044692737430168,0.8044692737430168,0.8044692737430168,0.8044692737430168
314,47,0.4,20200411,21,优,32,63,107,47,31,NaN,8,石马中学,5e91d0e5690d8b21f9294b08,0.43575418994413406,0.43575418994413406,0.43575418994413406,0.43575418994413406,0.43575418994413406,0.43575418994413406,0.43575418994413406,0.43575418994413406
233,41,0.7,20200411,21,优,15,92,109,41,22,NaN,8,市环保局,5e91d097690d8b21f9294ab5,0.3687150837988827,0.3687150837988827,0.3687150837988827,0.3687150837988827,0.3687150837988827,0.3687150837988827,0.3687150837988827,0.3687150837988827
159,29,0.5,20200411,21,优,11,90,111,25,13,NaN,8,青龙寺,5e91d04e690d8b21f9294a67,0.21508379888268156,0.21508379888268156,0.21508379888268156,0.21508379888268156,0.21508379888268156,0.21508379888268156,0.21508379888268156,0.21508379888268156
237,78,0.7,20200411,21,良,41,72,106,105,45,颗粒物(PM10),8,小河沿,5e91d09b690d8b21f9294ab9,0.7737430167597765,0.7737430167597765,0.7737430167597765,0.7737430167597765,0.7737430167597765,0.7737430167597765,0.7737430167597765,0.7737430167597765
305,72,0.5,20200411,21,良,36,88,111,63,52,细颗粒物(PM2.5),8,黄河新村,5e91d0dd690d8b21f9294aff,0.7374301675977654,0.7374301675977654,0.7374301675977654,0.7374301675977654,0.7374301675977654,0.7374301675977654,0.7374301675977654,0.7374301675977654
108,129,0.6,20200411,21,轻度污染,34,63,94,116,98,细颗粒物(PM2.5),8,潘集区政府,5e91d01e690d8b21f9294a33,0.05865921787709497,0.05865921787709497,0.05865921787709497,0.05865921787709497,0.05865921787709497,0.05865921787709497,0.05865921787709497,0.05865921787709497
241,33,0.3,20200411,21,优,9,83,104,33,16,NaN,8,武当山,5e91d09f690d8b21f9294abd,0.26256983240223464,0.26256983240223464,0.26256983240223464,0.26256983240223464,0.26256983240223464,0.26256983240223464,0.26256983240223464,0.26256983240223464
88,41,0.6,20200411,21,优,29,80,106,41,9,NaN,8,德令哈市,5e91d00b690d8b21f9294a1f,0.3687150837988827,0.3687150837988827,0.3687150837988827,0.3687150837988827,0.3687150837988827,0.3687150837988827,0.3687150837988827,0.3687150837988827
266,39,0.6,20200411,21,优,46,71,66,38,27,NaN,8,市第四中学,5e91d0b8690d8b21f9294ad7,0.3324022346368715,0.3324022346368715,0.3324022346368715,0.3324022346368715,0.3324022346368715,0.3324022346368715,0.3324022346368715,0.3324022346368715
141,28,0.5,20200411,21,优,16,71,50,28,10,NaN,8,十里,5e91d03c690d8b21f9294a54,0.19832402234636873,0.19832402234636873,0.19832402234636873,0.19832402234636873,0.19832402234636873,0.19832402234636873,0.19832402234636873,0.19832402234636873
104,59,0.7,20200411,21,良,12,105,136,68,38,颗粒物(PM10),8,污水处理厂,5e91d01a690d8b21f9294a2f,0.5921787709497207,0.5921787709497207,0.5921787709497207,0.5921787709497207,0.5921787709497207,0.5921787709497207,0.5921787709497207,0.5921787709497207
1,500,0.9,20200411,21,严重污染,28,48,75,2488,607,"颗粒物(PM10),细颗粒物(PM2.5)",8,电视台,5e91cfbb690d8b21f92949c7,0.46089385474860334,0.46089385474860334,0.46089385474860334,0.46089385474860334,0.46089385474860334,0.46089385474860334,0.46089385474860334,0.46089385474860334
118,67,0.7,20200411,21,良,29,41,73,83,42,颗粒物(PM10),8,佳纺,5e91d027690d8b21f9294a3d,0.6899441340782123,0.6899441340782123,0.6899441340782123,0.6899441340782123,0.6899441340782123,0.6899441340782123,0.6899441340782123,0.6899441340782123
23,70,0.5,20200411,21,良,16,110,121,90,31,颗粒物(PM10),8,大峪,5e91cfcf690d8b21f92949dd,0.7262569832402235,0.7262569832402235,0.7262569832402235,0.7262569832402235,0.7262569832402235,0.7262569832402235,0.7262569832402235,0.7262569832402235
121,36,0.7,20200411,21,优,22,86,86,30,25,NaN,8,虹桥邮政,5e91d02a690d8b21f9294a40,0.3016759776536313,0.3016759776536313,0.3016759776536313,0.3016759776536313,0.3016759776536313,0.3016759776536313,0.3016759776536313,0.3016759776536313
279,107,0.4,20200411,21,轻度污染,13,80,86,164,24,颗粒物(PM10),8,农水大厦,5e91d0c5690d8b21f9294ae5,0.01675977653631285,0.01675977653631285,0.01675977653631285,0.01675977653631285,0.01675977653631285,0.01675977653631285,0.01675977653631285,0.01675977653631285
112,38,0.9,20200411,21,优,14,76,76,38,26,NaN,8,沈家营,5e91d022690d8b21f9294a37,0.31843575418994413,0.31843575418994413,0.31843575418994413,0.31843575418994413,0.31843575418994413,0.31843575418994413,0.31843575418994413,0.31843575418994413
260,62,0.7,20200411,21,良,60,51,87,73,32,颗粒物(PM10),8,永明路,5e91d0b3690d8b21f9294ad1,0.6340782122905028,0.6340782122905028,0.6340782122905028,0.6340782122905028,0.6340782122905028,0.6340782122905028,0.6340782122905028,0.6340782122905028
62,46,0.5,20200411,21,优,19,73,79,34,32,NaN,8,市政府,5e91cff4690d8b21f9294a05,0.4245810055865922,0.4245810055865922,0.4245810055865922,0.4245810055865922,0.4245810055865922,0.4245810055865922,0.4245810055865922,0.4245810055865922
175,76,0.2,20200411,21,良,18,112,121,101,30,颗粒物(PM10),8,汉王镇固水子,5e91d05d690d8b21f9294a78,0.7625698324022346,0.7625698324022346,0.7625698324022346,0.7625698324022346,0.7625698324022346,0.7625698324022346,0.7625698324022346,0.7625698324022346
2,39,0.5,20200411,21,优,9,121,120,39,25,NaN,8,体育场,5e91cfbc690d8b21f92949c8,0.3324022346368715,0.3324022346368715,0.3324022346368715,0.3324022346368715,0.3324022346368715,0.3324022346368715,0.3324022346368715,0.3324022346368715
138,36,0.8,20200411,21,优,25,50,58,30,25,NaN,8,金坛市环境监测站,5e91d039690d8b21f9294a51,0.3016759776536313,0.3016759776536313,0.3016759776536313,0.3016759776536313,0.3016759776536313,0.3016759776536313,0.3016759776536313,0.3016759776536313
94,24,0.6,20200411,21,优,7,76,89,18,14,NaN,8,东仁乐园,5e91d011690d8b21f9294a25,0.1424581005586592,0.1424581005586592,0.1424581005586592,0.1424581005586592,0.1424581005586592,0.1424581005586592,0.1424581005586592,0.1424581005586592
75,70,0.3,20200411,21,良,20,103,117,90,48,颗粒物(PM10),8,黑石坡,5e91d000690d8b21f9294a12,0.7262569832402235,0.7262569832402235,0.7262569832402235,0.7262569832402235,0.7262569832402235,0.7262569832402235,0.7262569832402235,0.7262569832402235
4,27,0.5,20200411,21,优,4,84,89,6,5,NaN,8,阿里监测站,5e91cfbd690d8b21f92949ca,0.1871508379888268,0.1871508379888268,0.1871508379888268,0.1871508379888268,0.1871508379888268,0.1871508379888268,0.1871508379888268,0.1871508379888268
256,62,0.5,20200411,21,良,84,25,92,73,24,颗粒物(PM10),8,尖草坪,5e91d0af690d8b21f9294acd,0.6340782122905028,0.6340782122905028,0.6340782122905028,0.6340782122905028,0.6340782122905028,0.6340782122905028,0.6340782122905028,0.6340782122905028
303,53,0.7,20200411,21,良,24,84,87,-,37,细颗粒物(PM2.5),8,鳌峰子站,5e91d0db690d8b21f9294afd,0.5083798882681564,0.5083798882681564,0.5083798882681564,0.5083798882681564,0.5083798882681564,0.5083798882681564,0.5083798882681564,0.5083798882681564
207,90,1,20200411,21,良,55,17,57,-,67,细颗粒物(PM2.5),9,荔城区仓后路,5e91d07b690d8b21f9294a99,0.8435754189944135,0.8435754189944135,0.8435754189944135,0.8435754189944135,0.8435754189944135,0.8435754189944135,0.8435754189944135,0.8435754189944135
318,115,0.7,20200411,21,轻度污染,21,77,73,179,38,颗粒物(PM10),9,市环保局,5e91d0e8690d8b21f9294b0c,0.036312849162011177,0.036312849162011177,0.036312849162011177,0.036312849162011177,0.036312849162011177,0.036312849162011177,0.036312849162011177,0.036312849162011177
290,55,0.8,20200411,21,良,27,63,98,59,36,颗粒物(PM10),9,襄城运动路,5e91d0cf690d8b21f9294af0,0.5391061452513967,0.5391061452513967,0.5391061452513967,0.5391061452513967,0.5391061452513967,0.5391061452513967,0.5391061452513967,0.5391061452513967
249,57,0.6,20200411,21,良,41,73,112,64,12,颗粒物(PM10),9,石溪浩,5e91d0a7690d8b21f9294ac5,0.5726256983240223,0.5726256983240223,0.5726256983240223,0.5726256983240223,0.5726256983240223,0.5726256983240223,0.5726256983240223,0.5726256983240223
224,64,0.6,20200411,21,良,36,128,138,49,46,细颗粒物(PM2.5),9,乳山市环保局,5e91d08e690d8b21f9294aab,0.6675977653631285,0.6675977653631285,0.6675977653631285,0.6675977653631285,0.6675977653631285,0.6675977653631285,0.6675977653631285,0.6675977653631285
46,55,0.6,20200411,21,良,26,123,128,59,34,颗粒物(PM10),9,甘井子,5e91cfe5690d8b21f92949f5,0.5391061452513967,0.5391061452513967,0.5391061452513967,0.5391061452513967,0.5391061452513967,0.5391061452513967,0.5391061452513967,0.5391061452513967
31,107,0.6,20200411,21,轻度污染,6,60,83,164,66,颗粒物(PM10),9,天山天池,5e91cfd7690d8b21f92949e6,0.01675977653631285,0.01675977653631285,0.01675977653631285,0.01675977653631285,0.01675977653631285,0.01675977653631285,0.01675977653631285,0.01675977653631285
33,39,0.7,20200411,21,优,-,69,83,31,27,NaN,9,海虞子站,5e91cfd9690d8b21f92949e8,0.3324022346368715,0.3324022346368715,0.3324022346368715,0.3324022346368715,0.3324022346368715,0.3324022346368715,0.3324022346368715,0.3324022346368715
220,52,0.6,20200411,21,良,16,101,123,54,30,颗粒物(PM10),9,环境监测站,5e91d087690d8b21f9294aa6,0.4888268156424581,0.4888268156424581,0.4888268156424581,0.4888268156424581,0.4888268156424581,0.4888268156424581,0.4888268156424581,0.4888268156424581
213,64,0.7,20200411,21,良,8,120,121,76,46,细颗粒物(PM2.5),9,区环保局,5e91d081690d8b21f9294a9f,0.6675977653631285,0.6675977653631285,0.6675977653631285,0.6675977653631285,0.6675977653631285,0.6675977653631285,0.6675977653631285,0.6675977653631285
232,64,0.6,20200411,21,良,34,67,88,55,46,细颗粒物(PM2.5),9,金平子站,5e91d097690d8b21f9294ab4,0.6675977653631285,0.6675977653631285,0.6675977653631285,0.6675977653631285,0.6675977653631285,0.6675977653631285,0.6675977653631285,0.6675977653631285
129,78,0.6,20200411,21,良,73,67,140,92,57,细颗粒物(PM2.5),9,环保局子站,5e91d031690d8b21f9294a48,0.7737430167597765,0.7737430167597765,0.7737430167597765,0.7737430167597765,0.7737430167597765,0.7737430167597765,0.7737430167597765,0.7737430167597765
34,41,1.1,20200411,21,优,73,27,91,41,24,NaN,9,清华站,5e91cfda690d8b21f92949e9,0.3687150837988827,0.3687150837988827,0.3687150837988827,0.3687150837988827,0.3687150837988827,0.3687150837988827,0.3687150837988827,0.3687150837988827
259,NaN,NaN,20200411,21,NaN,NaN,NaN,NaN,NaN,NaN,NaN,NaN,供销社,5e91d0b2690d8b21f9294ad0,0.8687150837988827,0.8687150837988827,0.8687150837988827,0.8687150837988827,0.8687150837988827,0.8687150837988827,0.8687150837988827,0.8687150837988827
292,NaN,NaN,20200411,21,NaN,NaN,NaN,NaN,NaN,NaN,NaN,NaN,气象站,5e91d0d1690d8b21f9294af2,0.8687150837988827,0.8687150837988827,0.8687150837988827,0.8687150837988827,0.8687150837988827,0.8687150837988827,0.8687150837988827,0.8687150837988827
295,NaN,NaN,20200411,21,NaN,NaN,NaN,NaN,NaN,NaN,NaN,NaN,盟监测站,5e91d0d4690d8b21f9294af5,0.8687150837988827,0.8687150837988827,0.8687150837988827,0.8687150837988827,0.8687150837988827,0.8687150837988827,0.8687150837988827,0.8687150837988827
300,NaN,NaN,20200411,21,NaN,NaN,NaN,NaN,NaN,NaN,NaN,NaN,北岗,5e91d0d8690d8b21f9294afa,0.8687150837988827,0.8687150837988827,0.8687150837988827,0.8687150837988827,0.8687150837988827,0.8687150837988827,0.8687150837988827,0.8687150837988827
291,NaN,NaN,20200411,21,NaN,NaN,NaN,NaN,NaN,NaN,NaN,NaN,森林公园,5e91d0d0690d8b21f9294af1,0.8687150837988827,0.8687150837988827,0.8687150837988827,0.8687150837988827,0.8687150837988827,0.8687150837988827,0.8687150837988827,0.8687150837988827
50,NaN,NaN,20200411,21,NaN,NaN,NaN,NaN,NaN,NaN,NaN,NaN,果树场,5e91cfe8690d8b21f92949f9,0.8687150837988827,0.8687150837988827,0.8687150837988827,0.8687150837988827,0.8687150837988827,0.8687150837988827,0.8687150837988827,0.8687150837988827
345,NaN,NaN,20200411,21,NaN,NaN,NaN,NaN,NaN,NaN,NaN,NaN,缙云山,5e91d103690d8b21f9294b28,0.8687150837988827,0.8687150837988827,0.8687150837988827,0.8687150837988827,0.8687150837988827,0.8687150837988827,0.8687150837988827,0.8687150837988827
58,NaN,NaN,20200411,21,NaN,NaN,NaN,NaN,NaN,NaN,NaN,NaN,南城元岭,5e91cff0690d8b21f9294a01,0.8687150837988827,0.8687150837988827,0.8687150837988827,0.8687150837988827,0.8687150837988827,0.8687150837988827,0.8687150837988827,0.8687150837988827
238,NaN,NaN,20200411,21,NaN,NaN,NaN,NaN,NaN,NaN,NaN,NaN,荔园,5e91d09c690d8b21f9294aba,0.8687150837988827,0.8687150837988827,0.8687150837988827,0.8687150837988827,0.8687150837988827,0.8687150837988827,0.8687150837988827,0.8687150837988827
51,NaN,NaN,20200411,21,NaN,NaN,NaN,NaN,NaN,NaN,NaN,NaN,环保局,5e91cfe9690d8b21f92949fa,0.8687150837988827,0.8687150837988827,0.8687150837988827,0.8687150837988827,0.8687150837988827,0.8687150837988827,0.8687150837988827,0.8687150837988827
312,NaN,NaN,20200411,21,NaN,NaN,NaN,NaN,NaN,NaN,NaN,NaN,城东财政所,5e91d0e3690d8b21f9294b06,0.8687150837988827,0.8687150837988827,0.8687150837988827,0.8687150837988827,0.8687150837988827,0.8687150837988827,0.8687150837988827,0.8687150837988827
20,NaN,NaN,20200411,21,NaN,NaN,NaN,NaN,NaN,NaN,NaN,NaN,市环保局,5e91cfcc690d8b21f92949da,0.8687150837988827,0.8687150837988827,0.8687150837988827,0.8687150837988827,0.8687150837988827,0.8687150837988827,0.8687150837988827,0.8687150837988827
202,NaN,NaN,20200411,21,NaN,NaN,NaN,NaN,NaN,NaN,NaN,NaN,高压开关厂,5e91d077690d8b21f9294a94,0.8687150837988827,0.8687150837988827,0.8687150837988827,0.8687150837988827,0.8687150837988827,0.8687150837988827,0.8687150837988827,0.8687150837988827
19,NaN,NaN,20200411,21,NaN,NaN,NaN,NaN,NaN,NaN,NaN,NaN,秋林养殖基地,5e91cfcc690d8b21f92949d9,0.8687150837988827,0.8687150837988827,0.8687150837988827,0.8687150837988827,0.8687150837988827,0.8687150837988827,0.8687150837988827,0.8687150837988827
57,NaN,NaN,20200411,21,NaN,NaN,NaN,NaN,NaN,NaN,NaN,NaN,古城,5e91cfef690d8b21f9294a00,0.8687150837988827,0.8687150837988827,0.8687150837988827,0.8687150837988827,0.8687150837988827,0.8687150837988827,0.8687150837988827,0.8687150837988827
317,NaN,NaN,20200411,21,NaN,NaN,NaN,NaN,NaN,NaN,NaN,NaN,槟榔水业,5e91d0e7690d8b21f9294b0b,0.8687150837988827,0.8687150837988827,0.8687150837988827,0.8687150837988827,0.8687150837988827,0.8687150837988827,0.8687150837988827,0.8687150837988827
247,NaN,NaN,20200411,21,NaN,NaN,NaN,NaN,NaN,NaN,NaN,NaN,江南,5e91d0a5690d8b21f9294ac3,0.8687150837988827,0.8687150837988827,0.8687150837988827,0.8687150837988827,0.8687150837988827,0.8687150837988827,0.8687150837988827,0.8687150837988827
319,NaN,NaN,20200411,21,NaN,NaN,NaN,NaN,NaN,NaN,NaN,NaN,贺兰山马莲口,5e91d0e9690d8b21f9294b0d,0.8687150837988827,0.8687150837988827,0.8687150837988827,0.8687150837988827,0.8687150837988827,0.8687150837988827,0.8687150837988827,0.8687150837988827
169,NaN,NaN,20200411,21,NaN,NaN,NaN,NaN,NaN,NaN,NaN,NaN,沂河小区,5e91d057690d8b21f9294a71,0.8687150837988827,0.8687150837988827,0.8687150837988827,0.8687150837988827,0.8687150837988827,0.8687150837988827,0.8687150837988827,0.8687150837988827
214,NaN,NaN,20200411,21,NaN,NaN,NaN,NaN,NaN,NaN,NaN,NaN,凤城街办,5e91d082690d8b21f9294aa0,0.8687150837988827,0.8687150837988827,0.8687150837988827,0.8687150837988827,0.8687150837988827,0.8687150837988827,0.8687150837988827,0.8687150837988827
306,NaN,NaN,20200411,21,NaN,NaN,NaN,NaN,NaN,NaN,NaN,NaN,大兴526台,5e91d0dd690d8b21f9294b00,0.8687150837988827,0.8687150837988827,0.8687150837988827,0.8687150837988827,0.8687150837988827,0.8687150837988827,0.8687150837988827,0.8687150837988827
205,NaN,NaN,20200411,21,NaN,NaN,NaN,NaN,NaN,NaN,NaN,NaN,武功山气象站,5e91d07a690d8b21f9294a97,0.8687150837988827,0.8687150837988827,0.8687150837988827,0.8687150837988827,0.8687150837988827,0.8687150837988827,0.8687150837988827,0.8687150837988827
298,NaN,NaN,20200411,21,NaN,NaN,NaN,NaN,NaN,NaN,NaN,NaN,科技学院,5e91d0d7690d8b21f9294af8,0.8687150837988827,0.8687150837988827,0.8687150837988827,0.8687150837988827,0.8687150837988827,0.8687150837988827,0.8687150837988827,0.8687150837988827
253,NaN,NaN,20200411,21,NaN,NaN,NaN,NaN,NaN,NaN,NaN,NaN,监测楼,5e91d0ab690d8b21f9294ac9,0.8687150837988827,0.8687150837988827,0.8687150837988827,0.8687150837988827,0.8687150837988827,0.8687150837988827,0.8687150837988827,0.8687150837988827
131,NaN,NaN,20200411,21,NaN,NaN,NaN,NaN,NaN,NaN,NaN,NaN,市科委,5e91d033690d8b21f9294a4a,0.8687150837988827,0.8687150837988827,0.8687150837988827,0.8687150837988827,0.8687150837988827,0.8687150837988827,0.8687150837988827,0.8687150837988827
165,NaN,NaN,20200411,21,NaN,NaN,NaN,NaN,NaN,NaN,NaN,NaN,市政府,5e91d053690d8b21f9294a6d,0.8687150837988827,0.8687150837988827,0.8687150837988827,0.8687150837988827,0.8687150837988827,0.8687150837988827,0.8687150837988827,0.8687150837988827
150,NaN,NaN,20200411,21,NaN,NaN,NaN,NaN,NaN,NaN,NaN,NaN,关上,5e91d045690d8b21f9294a5d,0.8687150837988827,0.8687150837988827,0.8687150837988827,0.8687150837988827,0.8687150837988827,0.8687150837988827,0.8687150837988827,0.8687150837988827
30,NaN,NaN,20200411,21,NaN,NaN,NaN,NaN,NaN,NaN,NaN,NaN,市监测站,5e91cfd5690d8b21f92949e4,0.8687150837988827,0.8687150837988827,0.8687150837988827,0.8687150837988827,0.8687150837988827,0.8687150837988827,0.8687150837988827,0.8687150837988827
98,NaN,NaN,20200411,21,NaN,NaN,NaN,NaN,NaN,NaN,NaN,NaN,电机北厂,5e91d014690d8b21f9294a29,0.8687150837988827,0.8687150837988827,0.8687150837988827,0.8687150837988827,0.8687150837988827,0.8687150837988827,0.8687150837988827,0.8687150837988827
122,NaN,NaN,20200411,21,NaN,NaN,NaN,NaN,NaN,NaN,NaN,NaN,JN子站,5e91d02a690d8b21f9294a41,0.8687150837988827,0.8687150837988827,0.8687150837988827,0.8687150837988827,0.8687150837988827,0.8687150837988827,0.8687150837988827,0.8687150837988827
123,NaN,NaN,20200411,21,NaN,NaN,NaN,NaN,NaN,NaN,NaN,NaN,胶州环保局,5e91d02b690d8b21f9294a42,0.8687150837988827,0.8687150837988827,0.8687150837988827,0.8687150837988827,0.8687150837988827,0.8687150837988827,0.8687150837988827,0.8687150837988827
351,NaN,NaN,20200411,21,NaN,NaN,NaN,NaN,NaN,NaN,NaN,NaN,富林印务,5e91d109690d8b21f9294b2e,0.8687150837988827,0.8687150837988827,0.8687150837988827,0.8687150837988827,0.8687150837988827,0.8687150837988827,0.8687150837988827,0.8687150837988827
158,NaN,NaN,20200411,21,NaN,NaN,NaN,NaN,NaN,NaN,NaN,NaN,乐山大佛景区,5e91d04d690d8b21f9294a66,0.8687150837988827,0.8687150837988827,0.8687150837988827,0.8687150837988827,0.8687150837988827,0.8687150837988827,0.8687150837988827,0.8687150837988827
156,NaN,NaN,20200411,21,NaN,NaN,NaN,NaN,NaN,NaN,NaN,NaN,职工医院,5e91d04b690d8b21f9294a64,0.8687150837988827,0.8687150837988827,0.8687150837988827,0.8687150837988827,0.8687150837988827,0.8687150837988827,0.8687150837988827,0.8687150837988827
198,NaN,NaN,20200411,21,NaN,NaN,NaN,NaN,NaN,NaN,NaN,NaN,金涵水库,5e91d073690d8b21f9294a8f,0.8687150837988827,0.8687150837988827,0.8687150837988827,0.8687150837988827,0.8687150837988827,0.8687150837988827,0.8687150837988827,0.8687150837988827
265,NaN,NaN,20200411,21,NaN,NaN,NaN,NaN,NaN,NaN,NaN,NaN,通辽宾馆,5e91d0b7690d8b21f9294ad6,0.8687150837988827,0.8687150837988827,0.8687150837988827,0.8687150837988827,0.8687150837988827,0.8687150837988827,0.8687150837988827,0.8687150837988827
339,NaN,NaN,20200411,21,NaN,NaN,NaN,NaN,NaN,NaN,NaN,NaN,漳州三中,5e91d0fc690d8b21f9294b21,0.8687150837988827,0.8687150837988827,0.8687150837988827,0.8687150837988827,0.8687150837988827,0.8687150837988827,0.8687150837988827,0.8687150837988827
8,NaN,NaN,20200411,21,NaN,NaN,NaN,NaN,NaN,NaN,NaN,NaN,虹机厂子校,5e91cfc2690d8b21f92949ce,0.8687150837988827,0.8687150837988827,0.8687150837988827,0.8687150837988827,0.8687150837988827,0.8687150837988827,0.8687150837988827,0.8687150837988827
73,NaN,NaN,20200411,21,NaN,NaN,NaN,NaN,NaN,NaN,NaN,NaN,将军桥,5e91cffe690d8b21f9294a10,0.8687150837988827,0.8687150837988827,0.8687150837988827,0.8687150837988827,0.8687150837988827,0.8687150837988827,0.8687150837988827,0.8687150837988827
301,NaN,NaN,20200411,21,NaN,NaN,NaN,NaN,NaN,NaN,NaN,NaN,机引,5e91d0d9690d8b21f9294afb,0.8687150837988827,0.8687150837988827,0.8687150837988827,0.8687150837988827,0.8687150837988827,0.8687150837988827,0.8687150837988827,0.8687150837988827
84,NaN,NaN,20200411,21,NaN,NaN,NaN,NaN,NaN,NaN,NaN,NaN,平安县,5e91d008690d8b21f9294a1b,0.8687150837988827,0.8687150837988827,0.8687150837988827,0.8687150837988827,0.8687150837988827,0.8687150837988827,0.8687150837988827,0.8687150837988827
9,NaN,NaN,20200411,21,NaN,NaN,NaN,NaN,NaN,NaN,NaN,NaN,棉研所,5e91cfc3690d8b21f92949cf,0.8687150837988827,0.8687150837988827,0.8687150837988827,0.8687150837988827,0.8687150837988827,0.8687150837988827,0.8687150837988827,0.8687150837988827
82,NaN,NaN,20200411,21,NaN,NaN,NaN,NaN,NaN,NaN,NaN,NaN,岭北,5e91d006690d8b21f9294a19,0.8687150837988827,0.8687150837988827,0.8687150837988827,0.8687150837988827,0.8687150837988827,0.8687150837988827,0.8687150837988827,0.8687150837988827
337,NaN,NaN,20200411,21,NaN,NaN,NaN,NaN,NaN,NaN,NaN,NaN,环境监测站,5e91d0fa690d8b21f9294b1f,0.8687150837988827,0.8687150837988827,0.8687150837988827,0.8687150837988827,0.8687150837988827,0.8687150837988827,0.8687150837988827,0.8687150837988827
167,NaN,NaN,20200411,21,NaN,NaN,NaN,NaN,NaN,NaN,NaN,NaN,市监测站,5e91d055690d8b21f9294a6f,0.8687150837988827,0.8687150837988827,0.8687150837988827,0.8687150837988827,0.8687150837988827,0.8687150837988827,0.8687150837988827,0.8687150837988827
145,NaN,NaN,20200411,21,NaN,NaN,NaN,NaN,NaN,NaN,NaN,NaN,河大一附院,5e91d040690d8b21f9294a58,0.8687150837988827,0.8687150837988827,0.8687150837988827,0.8687150837988827,0.8687150837988827,0.8687150837988827,0.8687150837988827,0.8687150837988827
154,NaN,NaN,20200411,21,NaN,NaN,NaN,NaN,NaN,NaN,NaN,NaN,莱州环保局,5e91d049690d8b21f9294a62,0.8687150837988827,0.8687150837988827,0.8687150837988827,0.8687150837988827,0.8687150837988827,0.8687150837988827,0.8687150837988827,0.8687150837988827
231,NaN,NaN,20200411,21,NaN,NaN,NaN,NaN,NaN,NaN,NaN,NaN,百草园,5e91d094690d8b21f9294ab2,0.8687150837988827,0.8687150837988827,0.8687150837988827,0.8687150837988827,0.8687150837988827,0.8687150837988827,0.8687150837988827,0.8687150837988827
